plan,district,GOV,SOS,USH,USS,WAG,WSA,WST,predict_v1,predicted_dem_win,predict_v2,predict_avg,final_wsa,predict_party2tot,contested_2022
Evers least change,1,-10.80277562894954,-12.984618977056062,-70.02573244376212,-16.411601624316578,-11.170530053291024,-25.1004085443544,-15.634578305969749,-17.790998696542,0,-18.588573309231005,-13.504871403131721,-18.588573309231005,31937.605256646268,NA
Evers least change,2,-18.432211010110645,-19.81752115141281,-79.77491778551531,-23.221087986562026,-18.54923513479164,-25.375819236856778,-23.275029788955315,-24.06909752531354,0,-24.012152902969923,-20.86939098010491,-24.012152902969923,27117.221054628833,NA
Evers least change,3,-10.840945280148478,-13.89324474679054,-73.30303710005907,-15.347071035697246,-11.430375219859725,-79.41775290914266,-16.48722416674342,-15.634821919792211,0,-16.007808712417578,-13.526403925612218,-16.007808712417578,28264.703371023992,NA
Evers least change,4,1.2487177735518329,-1.758306209014776,-68.34075907275432,-4.306264692388834,-0.7580880725153449,-9.16426612094824,-4.970526708078521,-5.509256509321567,0,-7.257857751895167,-2.1965404248577167,-7.257857751895167,27677.407037011042,NA
Evers least change,5,-21.78505702712341,-24.69699250268583,-76.19302433279887,-26.45764641542936,-22.83567810811191,-25.91332602792113,-27.272829529553473,-27.554507523073752,0,-27.352208921089343,-24.587802770054537,-27.352208921089343,26877.096894216822,NA
Evers least change,6,-33.6523847881478,-35.75686858516199,-79.02046985916526,-38.02064190990109,-33.57215448171543,-31.414792292422877,-37.56791838566722,-39.288443592661054,0,-38.05484103776196,-35.703274891357886,-38.05484103776196,25903.714399050506,NA
Evers least change,7,24.150609962809632,22.042826176729086,19.215899125797392,20.332483267713663,22.54431411875364,20.755418739887386,20.518867257502063,20.742471077660454,1,22.64895869484132,21.88656865169475,22.64895869484132,20208.628507005353,NA
Evers least change,8,65.53613275446291,60.39575211557499,62.04997743519487,63.079365641771865,62.259355531370176,95.39397996097097,61.120202246167985,65.61440758216413,1,62.68223297543316,62.99876404344324,62.68223297543316,7653.927484389194,NA
Evers least change,9,45.50701993542795,42.15273861720507,41.91842974670675,41.75423464053779,42.9534808355106,45.66184994516185,41.89919615965525,42.54273527927096,1,43.14823535036964,43.0284828927829,43.14823535036964,12310.262100894315,NA
Evers least change,10,78.47211053540602,75.13021063661188,76.61200966443377,77.66378203170271,76.71783978223642,98.9464780758035,75.78642859256608,82.19079337588965,1,76.98562215669656,77.16004023547781,76.98562215669656,22249.747603058437,NA
Evers least change,11,50.51095927517034,47.95524488668952,37.71515540596685,48.38396272665082,48.342296681626074,63.38849307664679,46.57427890251961,51.0098316323671,1,48.70534334333767,48.45287439649171,48.70534334333767,22488.95132583062,NA
Evers least change,12,48.92005057686715,47.015314850343955,46.85596354367679,47.35445669437815,47.41208681782697,50.74102769434662,47.03466333884796,50.01727256517769,1,48.15084241047377,47.680314356980055,48.15084241047377,19554.17158999419,NA
Evers least change,13,7.878232947905595,3.9123744340091977,0.3895435711112505,2.8039088586866767,4.187826050946009,3.609298941743433,0.36395559352789264,1.8856094798076266,1,4.452252845286465,3.8084808627665434,4.452252845286465,32229.105113264497,NA
Evers least change,14,62.94623547352701,60.06456803466589,59.65943117786706,61.53618882863105,60.42176389611846,62.33382984957685,59.56195018260926,64.86360441207263,1,61.10781052177014,61.116534595221445,61.10781052177014,21062.613015021223,NA
Evers least change,15,-1.5297103879983565,-3.5571014450185956,-7.9452655409933906,-5.580045016104251,-3.906927074441863,-59.522988112633634,-6.400073002020274,-6.249320012679359,0,-7.22316338510599,-4.354188870141186,-7.22316338510599,26744.79294704191,NA
Evers least change,16,82.31785321363682,77.29892322620444,80.6018941157389,82.3188330400172,79.44759347520862,98.63929975631284,78.8643634494511,87.395655003007093,1,80.3848518866852,80.73716079457844,80.3848518866852,15537.156815085891,NA
Evers least change,17,65.88237731033246,62.741392224335335,62.57448547317816,64.5289434769411,63.81498648064442,71.24043445818603,62.1475389028282,68.34388014890813,1,64.09436069871126,64.09346154268654,64.09436069871126,23307.648848500077,NA
Evers least change,18,63.983435648483365,60.67069776950517,61.0546274271404,62.85574882354636,61.882592193025744,79.62082315799722,60.83680032566859,66.57787884996476,1,62.45859073039064,62.38964424768102,62.45859073039064,19211.852235840906,NA
Evers least change,19,67.12895287677738,62.33511878553457,62.419405780207526,65.19083070996321,64.41735910330276,94.20245649609132,61.92516379611413,68.74937827895678,1,64.4591263917589,64.66557662153937,64.4591263917589,29071.24153735756,NA
Evers least change,20,21.649285627638893,20.08603078593744,15.345581937469944,17.8745515674259,20.16025967958984,18.58556142138884,17.78719231646914,18.36224569718954,1,20.21137002407543,19.367822297780943,20.21137002407543,27079.268529386776,NA
Evers least change,21,6.62053362359854,5.024508343957256,-1.0646733393186447,2.565403812223921,4.999981594939457,0.1493180713396269,2.571522808727228,2.2707854877106226,1,5.329163393483354,4.189360459872286,5.329163393483354,24201.894052014308,NA
Evers least change,22,-13.41371346004054,-17.118822875007478,-21.51955263322681,-19.16530699689264,-17.136004888493584,-19.586780479158932,-20.99152438511907,-21.421360118154652,0,-22.534674503977406,-17.67663743263646,-22.534674503977406,33878.13397672997,NA
Evers least change,23,16.20933628540488,12.10759048600315,-24.00227900367135,11.471236505773035,12.640430667196611,12.8829727569237,8.509319819070043,11.258082505014972,1,12.714612902242793,12.207580819361143,12.714612902242793,34004.58665108459,NA
Evers least change,24,-28.344808093780493,-31.249801943405096,-39.3480873902753,-32.95689612512592,-30.96268965307829,-46.334270512789665,-34.38465693929612,-34.796233027523165,0,-34.340180484335875,-31.662262702820207,-34.340180484335875,34100.942740996805,NA
Evers least change,25,-23.320599303354676,-22.523246662108736,-94.91680060314398,-28.138103754741135,-21.808258046170685,-95.22892425351824,-26.96649029237544,-28.821002582221773,0,-28.26152175886352,-25.058362849160485,-28.26152175886352,25349.096250249695,NA
Evers least change,26,-16.01782093048918,-17.386540901573603,-93.46223153180236,-20.178020599929557,-17.61133207391857,-25.8125593096179,-20.3773915122904,-21.269096917285946,0,-21.27009693722863,-18.546141279156927,-21.27009693722863,25232.2051274588,NA
Evers least change,27,-13.172577540285635,-14.884821291863586,-93.17741614350872,-18.11107911565884,-14.065821988115184,-65.23937088927217,-17.987137842454047,-19.268365101028298,0,-19.69770629727457,-15.834154121628426,-19.69770629727457,27892.934161608515,NA
Evers least change,28,-25.759533389936873,-28.664940828402365,-31.00520506478644,-30.289614462276333,-29.257738821701988,-29.912889413849115,-29.276169265033403,-33.22664077772056,0,-32.972391567475555,-28.64576398473715,-32.972391567475555,27053.495531528322,NA
Evers least change,29,-16.374609703825154,-19.516106837948705,-21.31116476175656,-21.04773220010761,-19.36154157527345,-20.55776662984099,-20.25999615212436,-23.39793777694666,0,-23.74505592672685,-19.260969907832642,-23.74505592672685,23841.94205822723,NA
Evers least change,30,-0.4431266127050193,-3.7619756154266937,-4.780773992742665,-3.9822188731025774,-3.761234811050451,-6.881699255361607,-5.286863802214004,-4.635834628196019,0,-5.575358304033691,-3.368361024768013,-5.575358304033691,27906.6271894979,NA
Evers least change,31,-7.974022792104973,-18.76855315850146,-18.28624095591296,-13.880783741306493,-13.058430760977425,-16.581699586238702,-15.283591233437694,-16.800920396023496,0,-18.47931833278303,-12.549207131956646,-18.47931833278303,26410.475907195236,NA
Evers least change,32,-22.08020768730358,-27.232664159378363,-30.15600297635399,-26.332066077909243,-24.850318207784373,-34.78862417175283,-27.44736029511039,-27.938206069805638,0,-27.740469389760715,-25.177488067026896,-27.740469389760715,25910.2206920742,NA
Evers least change,33,-24.257005765522177,-26.513191325345737,-30.151994592708448,-27.88286811494542,-26.07000426922837,-40.90128882064742,-28.252799203378625,-29.051620156790516,0,-28.327883536178643,-26.61566933826865,-28.327883536178643,29081.762235673814,NA
Evers least change,34,-18.77289470260839,-21.22211507082188,-24.37838549411908,-23.68002368437932,-18.629523013817007,-26.82209266747079,-23.343306886289668,-24.608092869796874,0,-24.54505726397991,-21.1064370717736,-24.54505726397991,32907.82035998709,NA
Evers least change,35,-28.12765706310642,-29.40713156964877,-35.313593354858675,-33.29346816292278,-26.910371652272204,-70.56252318163233,-31.753106334103276,-34.589646088982064,0,-33.90304711048903,-30.021150803101172,-33.90304711048903,27981.872958820386,NA
Evers least change,36,-34.44055667869906,-35.38693513964887,-72.07115724110893,-38.636870312005286,-33.60909068183871,-45.289417952012414,-37.549823504965744,-39.70512868669903,0,-38.25307916423429,-36.0590852943772,-38.25307916423429,28644.993891381968,NA
Evers least change,37,35.70810781050519,31.196796647889823,26.06354261834089,31.39713770842354,30.84769595823081,32.724482517785454,29.364509383017147,31.189278663846544,1,31.73040090047172,31.82936271504417,31.73040090047172,28976.294313382623,NA
Evers least change,38,-9.070933360042291,-11.255964532366663,-14.79560000245076,-13.418084189377732,-12.145455378564534,-65.74489735715224,-13.762308800620326,-14.999949489320748,0,-15.696160228850594,-12.099195432151221,-15.696160228850594,27277.712325721262,NA
Evers least change,39,-29.23887301235668,-29.6821830150867,-73.70873991394151,-31.473489222931356,-29.468341602035103,-93.0559838519964,-31.95459684739119,-31.3394119378354,0,-29.52205315904031,-30.53382517117858,-29.52205315904031,26354.733655307427,NA
Evers least change,40,-31.30103014933116,-32.42128803526991,-81.61076937127235,-35.286782108287426,-31.35293845671128,-70.61531496617904,-34.48123812575767,-36.45686028213828,0,-35.22038157023551,-33.10549721002189,-35.22038157023551,27463.35605472147,NA
Evers least change,41,-24.587686915139543,-27.341091163008603,-74.89272072675817,-29.233599730846706,-26.310748240027156,-78.05326282956383,-29.41059377184455,-30.95016352144787,0,-30.628484839105774,-27.385657164464487,-30.628484839105774,25957.794352218567,NA
Evers least change,42,0.3731233086936736,-3.0220352717742762,-61.83254773568964,-4.912686577470687,-4.285438807527642,-12.506910535376598,-5.205215650496603,-7.387197936857437,0,-9.268185194679159,-3.507554431700315,-9.268185194679159,28621.381410206883,NA
Evers least change,43,13.742601434712723,7.745590636936106,7.275812490584172,8.544580973991067,8.921477451373455,10.232865796116448,7.839033439654081,6.6633281095010375,1,10.080800331620024,9.761923324932832,10.080800331620024,26360.152230027932,NA
Evers least change,44,26.491738362931592,18.296542771675696,16.583617660092237,21.128238440386145,21.382978439577215,25.07853412058318,20.872889092595408,19.341880502607015,1,22.426161145274953,22.468961083872593,22.426161145274953,22103.54543102609,NA
Evers least change,45,13.94392460597047,6.8732741997212745,8.597101881606495,8.218571651484647,7.933009307591482,8.500545096766194,7.93914696502715,5.375295884356212,1,9.57030837101819,9.508663132518437,9.57030837101819,19834.103407090228,NA
Evers least change,46,46.56550360291245,42.426702338616906,43.13477210309827,42.49447362663546,42.09589673695504,47.08610140204225,41.058332875000694,42.78757716007002,1,42.79560502873735,43.05355171037591,42.79560502873735,31196.90250004136,NA
Evers least change,47,60.37490887682346,56.045777640106344,56.483074633330666,56.66417699934703,56.547123082267525,56.85327937838396,55.71425673803088,57.781763605019826,1,56.89354970322319,57.325116424117226,56.89354970322319,30362.9291180311,NA
Evers least change,48,80.72084027517592,76.89277872941648,78.4237439233934,78.67040049628153,78.62195026322267,97.1101713256163,77.53171171547808,82.2440220897243,1,78.45699952676276,78.88622568753955,78.45699952676276,32174.612245864286,NA
Evers least change,49,-6.857290723250103,-10.788797421490482,-13.808259715392316,-13.733683711713256,-12.85098602585869,-26.129478968322665,-13.39336701076213,-18.114188696071952,0,-20.362210324211283,-11.708831867896045,-20.362210324211283,22869.251581407807,NA
Evers least change,50,-11.838696434714796,-15.944671581761478,-16.7541502885649,-18.332647542217444,-16.400799937728827,-27.28809099107724,-17.609927389596468,-22.15521550946982,0,-23.752328302977062,-16.045517826064383,-23.752328302977062,23790.050383834747,NA
Evers least change,51,12.240562521241587,8.930501863871882,9.02984488662925,5.7662177298787975,7.097861344821621,-2.3409117934082904,5.9789379001473355,2.728315525680198,1,7.92292261920727,7.770894874022336,7.92292261920727,26857.301000129693,NA
Evers least change,52,-17.661717021041795,-18.793630809619028,-97.86686844351291,-21.363972657282716,-20.648972741731097,-29.1394350895274,-21.62822861383943,-22.919962944529743,0,-22.783208072691828,-20.32572275847376,-22.783208072691828,24697.669161104917,NA
Evers least change,53,-23.803700031713383,-25.72996825180392,-96.78449467996116,-28.776325644819885,-24.956602665158336,-88.0029033228557,-28.760665756699215,-30.424465467286574,0,-30.22376569792864,-26.574323524597702,-30.22376569792864,25816.367296593435,NA
Evers least change,54,12.303068766483438,8.265257481732096,-90.4127976879242,7.378746854962337,10.858585839901746,3.2244317961438673,6.971861380223593,7.075118151797405,1,10.306094763128128,9.378065710392779,10.306094763128128,23019.806220387283,NA
Evers least change,55,3.372885221778066,-0.5256915949284569,-87.46714968538592,-1.318555857898812,2.00156366660143,-2.047934567859228,-2.5281919085736404,-1.5269486387444555,0,-2.974555701292031,0.3819252804767609,-2.974555701292031,26003.472949403866,NA
Evers least change,56,-7.927971988262477,-11.896377036306776,-72.90236094721341,-13.31920158066062,-9.65579088795704,-15.621200122476475,-14.721045023128228,-14.395516395377996,0,-15.467182672299952,-11.40600237000209,-15.467182672299952,28462.291400427937,NA
Evers least change,57,20.057844274509208,16.135165286922827,-64.03271867467801,15.64126016459404,18.423326347754337,5.7544138399561575,14.835183281279768,15.920054715222054,1,18.015607595469916,17.23940351703434,18.015607595469916,22875.267696794064,NA
Evers least change,58,-34.345524661958684,-36.12729268006721,-40.173733156173746,-38.285077321598784,-36.25692557298456,-39.97665423854768,-38.65127359711002,-40.027135804277094,0,-38.80725427589273,-36.884700288413015,-38.80725427589273,30127.837814949922,NA
Evers least change,59,-46.51527035035202,-45.76812593192668,-74.0822605576983,-49.655257445902905,-46.3806646176195,-91.84861863807076,-49.11461608861344,-50.777393535304164,0,-48.193596304111,-47.91645212562197,-48.193596304111,30085.365709991074,NA
Evers least change,60,-25.792862657986,-28.63148180462497,-83.38574944262108,-30.012797015391214,-28.203997551637812,-29.52329360279741,-31.224746852456803,-31.536514155131258,0,-31.048573691943826,-28.808601019367956,-31.048573691943826,33075.016376812564,NA
Evers least change,61,-21.42697117733701,-24.01763394645939,-29.46731090508997,-25.11985938074656,-23.21290447913677,-27.840489029971,-25.413760273135793,-26.231912380008193,0,-25.712720625647275,-23.793373827589033,-25.712720625647275,27838.19983143687,NA
Evers least change,62,-17.81272009079527,-19.501226741065164,-26.41231065505454,-21.3392346841652,-19.256786680473276,-26.624232715893704,-22.091004427362616,-21.921136181339666,0,-21.526601986023085,-20.12493647069909,-21.526601986023085,30050.260958639163,NA
Evers least change,63,-16.175358762290987,-18.1348164983228,-25.55939853613925,-20.60540061641522,-17.870742595139177,-68.76130805866889,-20.698380181950004,-21.921758563885575,0,-22.038567081428994,-18.837470538948846,-22.038567081428994,27309.846953878066,NA
Evers least change,64,12.30717764088518,10.440063936418554,4.33785514805462,9.314863604107623,10.94811140306351,14.346446829140469,8.811090210923389,10.056753217179727,1,11.520677502236078,10.345310714744926,11.520677502236078,22913.135783119393,NA
Evers least change,65,20.121882724541777,18.47482470709075,12.556678537704205,17.372976515215903,19.680113191284775,23.686802229909382,17.550586391690615,18.726506978706876,1,19.853976672206404,18.681389705683266,19.853976672206404,17773.536625370194,NA
Evers least change,66,39.13911030536164,36.53991826118302,32.446999758127625,37.14489052762361,37.14936559600528,72.49427844188577,35.90854357085995,39.315343716532624,1,37.90090373012278,37.33547749996262,37.90090373012278,15438.42143083123,NA
Evers least change,67,-23.300487697452247,-25.859046570640203,-29.34428596146971,-29.75379198282831,-22.982822532982617,-34.39716971343819,-27.180854127932356,-32.292444758507706,0,-32.554762707560755,-25.804489085298883,-32.554762707560755,25694.893283477373,NA
Evers least change,68,-2.9630659358826694,-6.337548172226964,-7.395339331399348,-9.984108785069267,-3.128468968626219,-14.26122603012739,-7.902565890513991,-12.130411272466304,0,-13.99063737162541,-5.994552395023037,-13.99063737162541,26043.410107245774,NA
Evers least change,69,-24.19560413093263,-26.336459794536072,-31.537613495231355,-30.102357664777102,-23.245151612372112,-36.52957765474946,-27.99581697368194,-31.94378331680282,0,-31.847905582079612,-26.384732595440944,-31.847905582079612,23017.181252943752,NA
Evers least change,70,-21.87665096810887,-24.89070776884011,-27.301731009992476,-27.907403612353782,-21.901885407090365,-34.77298448671259,-25.623683452450575,-30.246224810643355,0,-30.461824872353297,-24.327405860000898,-30.461824872353297,25338.9832889576,NA
Evers least change,71,12.442900520209763,9.611230410259353,7.635080918641801,7.447484024922712,11.890646789613864,14.338258265395924,8.596459371320641,7.0125546286141365,1,11.160782486812167,10.094372676516745,11.160782486812167,27496.913823613915,NA
Evers least change,72,-19.34070570866438,-21.348641360215424,-36.318630534231154,-24.77254030201174,-19.669623503392053,-24.489460566734532,-23.027303783845532,-26.68018229573569,0,-26.84290634797812,-21.702543324478427,-26.84290634797812,26736.71578507266,NA
Evers least change,73,4.664122137404581,2.2807421036491915,-0.94292803970224,-0.07618757380670749,1.6547011172111936,-3.833066061720186,1.451724402795912,-1.9519886693085187,0,-3.6593301322472,1.9235900209012446,-3.6593301322472,25985.256810875115,NA
Evers least change,74,1.1712045232726398,-0.6551478325808768,-4.205117804144271,-3.3316472770190564,-0.19020446980504424,-4.040061110168058,-1.5408740710438409,-4.526123209314583,0,-5.715512178796856,-0.9728803236488255,-5.715512178796856,29231.614992963943,NA
Evers least change,75,-24.829965915896366,-27.364979168826565,-30.40444756086832,-30.312834731726827,-26.96819785182828,-89.49724594023385,-28.368849390244133,-33.36611063104062,0,-33.409029974161186,-27.6199619724239,-33.409029974161186,26594.923169034715,NA
Evers least change,76,77.4429451199901,70.67565860389986,73.15959157730882,76.57690615024478,73.5192282691696,98.13529765011458,70.28143959929527,81.49478417113777,1,73.92938989198188,74.45512978467494,73.92938989198188,26500.961917838365,NA
Evers least change,77,81.01122821674151,77.28722806591098,78.44271343079664,78.95147574000737,78.89315259985612,91.18992078711872,77.17041618894908,82.73720647289203,1,78.56333621696157,79.00656818638853,78.56333621696157,33285.16863669363,NA
Evers least change,78,65.16750331956173,60.18824958837359,60.69252508802733,61.59240356532344,60.87335095269988,61.50562398064532,58.945099350325705,63.30182683050723,1,61.03486734619645,61.64458929697769,61.03486734619645,31663.284349862002,NA
Evers least change,79,44.70032345054531,40.47605640237842,40.48425579951332,39.79028355577994,40.084654758987064,42.89884710460468,37.82407216343113,39.70176968720582,1,40.257830308102804,40.599833482185865,40.257830308102804,34575.386947225954,NA
Evers least change,80,42.39675824543095,37.83470493486987,37.9520583332308,37.17366781504262,37.28503052668709,37.49180906712274,35.996428210119404,36.345267469914404,1,37.81104216135894,38.212971199320016,37.81104216135894,33103.66342040342,NA
Evers least change,81,16.4362502909755,12.590491777197489,-5.814667630953951,10.940249597788291,12.044518091996858,-0.24803758806137277,10.717973445926852,9.047722086493252,1,12.82567965572165,12.534747856671876,12.82567965572165,26032.081468024746,NA
Evers least change,82,-0.9970797155976596,-3.352776631964388,-11.242864330276452,-6.093125233313246,-2.8696826886671136,-5.468105294585651,-6.5855400921427885,-7.141234904620666,0,-8.533261394677872,-4.136356932430202,-8.533261394677872,28333.29495222078,NA
Evers least change,83,-32.633736922207014,-34.91164109876033,-39.18343294544958,-37.093227794085145,-34.875753841657556,-62.61020306683641,-37.91853511043758,-39.036706337302434,0,-38.191782247771386,-35.63031341709682,-38.191782247771386,32808.91231252898,NA
Evers least change,84,-8.348906118153238,-10.374057263972665,-15.153827963369316,-13.456359063659212,-10.566292716247228,-46.333669031762774,-13.975015092633065,-14.931991282069443,0,-15.901685592610438,-11.586643247673186,-15.901685592610438,29610.97322914366,NA
Evers least change,85,3.746998002683161,0.8312569039056195,-3.432440829157585,-0.9507862953605783,2.5281494170564245,-17.919697174854583,-1.4896079729377787,-1.3016229894023967,0,-2.7498896790404324,0.9586882878603069,-2.7498896790404324,22386.26134738673,NA
Evers least change,86,-24.551425685375445,-26.076850630043335,-30.93729715337429,-29.576916018567296,-24.144771957871235,-74.28585405861394,-28.591744376446016,-30.86833848341641,0,-30.4499841316716,-26.716214509564995,-30.4499841316716,30018.55701844048,NA
Evers least change,87,-32.42245903004027,-33.62041488237697,-37.94282949410622,-37.07055533250731,-31.607643029479476,-39.67253263225531,-35.62719646266975,-38.4199448868767,0,-37.28687648796789,-34.1819634636742,-37.28687648796789,25765.415924618294,NA
Evers least change,88,6.152631900706995,2.89819308348237,-65.90672307610703,0.8723253742620618,4.467289381585438,-1.6055119545686558,0.1324627629900932,0.16329443988602693,1,3.8944927413656276,2.9061773548861467,3.8944927413656276,22694.384277223973,NA
Evers least change,89,-27.862938846524653,-30.07691916228173,-77.09321023168553,-33.01440749065656,-29.142198604405227,-33.66889031355806,-33.03943580642583,-34.94649593786734,0,-34.579230568422,-30.764745187003065,-34.579230568422,26567.256112718766,NA
Evers least change,90,14.356066348922884,10.463506350078628,-60.15899428769056,10.436810301465178,12.848562632602734,9.544793652586153,9.32403925487847,10.92081287376567,1,12.729886376660605,11.741369634467317,12.729886376660605,18292.06620520586,NA
Evers least change,91,32.844678361879645,27.635210924856413,29.418539992568455,28.001423957262332,31.53460839157204,29.31398561904897,27.630782897937635,28.538597577394352,1,30.48284797871031,30.002873402162912,30.48284797871031,25241.22562250427,NA
Evers least change,92,-12.89602291877317,-16.370892417423793,-16.947150870977268,-19.922385793225633,-12.896800169527443,-23.356489325652323,-16.600197264033618,-22.771534353575245,0,-23.96819464936001,-15.578851536389966,-23.96819464936001,23480.204333403395,NA
Evers least change,93,-13.58122203718683,-16.973175095822246,-17.211041939219164,-19.52558449523439,-15.288065234643556,-21.96049737632057,-17.420185169214474,-22.251818356975438,0,-23.15526422580375,-16.453764234069812,-23.15526422580375,28188.144252646092,NA
Evers least change,94,4.201081087882091,0.10415787110440444,2.6560972661918534,-2.754766280256632,3.498494860489998,2.8511532095303496,-2.2199076144199745,-4.342144084823868,0,-6.7112129613501725,0.6812255134238707,-6.7112129613501725,27561.70817456441,NA
Evers least change,95,30.071908914558648,24.75486055304492,27.45501781501098,24.441714492799015,28.38907179412712,28.587521609712024,23.51604458478644,24.491853516751032,1,26.991667624622416,26.604684946567808,26.991667624622416,25224.61628293169,NA
Evers least change,96,0.05654808713618786,-3.403629395891455,-3.1233290450938367,-7.291356215023292,0.02152793231076644,-10.641293915554536,-4.50724218662727,-9.666089068234601,0,-11.834341570833079,-2.930130595550902,-11.834341570833079,25288.07821018256,NA
Evers least change,97,-15.862762219927012,-19.213645537322776,-23.30619956192165,-20.597509797688616,-19.354554113866957,-78.60380307034946,-22.00174407567156,-22.463633209953322,0,-22.954843412526163,-19.454142551788536,-22.954843412526163,27527.243231701323,NA
Evers least change,98,-17.794269880439415,-21.201364606059837,-25.60468589051049,-23.11586530055017,-21.122650509135433,-23.08150104356423,-24.531938286404735,-25.266795824123196,0,-25.867123599715374,-21.641180994132437,-25.867123599715374,29505.962715328493,NA
Evers least change,99,-30.21924043112166,-33.542041333041034,-37.11277967145919,-34.812140439088544,-33.33897451053567,-46.662386324134225,-36.95089059918768,-36.708555516077936,0,-36.19196216347644,-33.83031149498339,-36.19196216347644,34836.68954252736,NA
2022,1,-10.629675810473817,-12.830271766482138,-69.85627220284847,-16.2188249213812,-11.054000689503868,-24.988995786958434,-15.471015642351745,-17.598895001141443,0,-18.405986860874386,-13.343379265927657,-24.988995786958434,31718.246385899416,contested
2022,2,-12.70931730356376,-14.637865311308769,-77.43332664928815,-17.3703863277323,-12.954586574995474,-18.43458458826122,-17.459333284703476,-17.994201670438617,0,-18.26187956394961,-15.123405872748753,-18.43458458826122,27365.38168524594,contested
2022,3,-10.19103806714426,-13.262222222222226,-72.76243728696717,-14.87990420511376,-10.984606653897988,-98.3286132132411,-15.85112480298037,-15.388841310216502,0,-15.902868142310908,-12.976668432284095,-15.902868142310908,27910.824743447865,uncontested
2022,4,-0.31514464785241114,-3.4909586681974747,-68.88982209666335,-5.915142907864368,-2.2198429693076394,-11.066121976790429,-6.591343897772811,-7.145646363948876,0,-8.80233365790069,-3.7603686056993073,-11.066121976790429,27758.064944069552,contested
2022,5,-13.77805008807536,-16.672479944192542,-73.7083195774183,-18.424591738712778,-14.868059053745108,-19.664813219516013,-19.084148727984346,-19.28720736733015,0,-19.58564059244088,-16.5387124021294,-19.664813219516013,25570.724698225287,contested
2022,6,-35.66290968411686,-37.78760398710934,-80.12153113751597,-40.16292824461556,-35.69027341999103,-26.518501719771702,-39.89824759751273,-41.558072728963204,0,-40.26768418232642,-37.853589736559044,-26.518501719771702,26576.130905067414,contested
2022,7,25.768639508070713,23.72063553952627,20.782621345100132,22.123553976863622,24.22435524529766,23.710676244736188,22.001865396887737,22.812112738587047,1,24.283678649469195,23.529603531779934,23.710676244736188,20490.783584262244,contested
2022,8,63.54556803995006,58.46938775510204,59.93714644877436,60.958734865332346,60.386837478020595,98.1044776119403,59.02538589105754,63.40276083079064,1,60.71234052894775,60.979131568590134,60.71234052894775,8003.168700904346,uncontested
2022,9,47.35479695842098,43.928923988154,43.70936280884265,43.59467692801026,44.69437652811735,44.13258932289498,43.783112582781456,44.381864660879,1,44.91554548255655,44.85674074933251,44.13258932289498,12265.132023038052,contested
2022,10,72.47608490372377,69.63167126033576,70.28856871568344,71.34225996080993,70.81500539463856,98.78955394586352,69.56393635827932,75.49761424806667,1,70.99083113638957,71.04932165436288,70.99083113638957,23979.506811122203,uncontested
2022,11,78.54339293501963,76.49080379303761,78.22525597269625,78.5042708781417,77.16282584057423,98.99695628112894,77.41337424881729,83.33380861997735,1,77.88670116800944,77.9059659756382,77.88670116800944,15948.298794536748,uncontested
2022,12,59.634373413079054,57.72306637724209,57.7265554553652,58.205701509223026,58.04255319148937,57.69054703593499,57.74275195582145,61.33641412502733,1,58.629215220328255,58.406345017403225,57.69054703593499,17631.185453844766,contested
2022,13,-5.215285570846379,-9.559526655510403,-13.12815215409856,-10.901132700440662,-9.236048940614744,-12.594329695439106,-13.30020904656588,-12.774041734141449,0,-14.422207197956492,-9.663169064616916,-12.594329695439106,33107.21128056596,contested
2022,14,28.979863888304212,26.128046614083704,22.56801025494944,25.20453667614734,25.98598031579693,26.78021899377371,23.53551990833572,25.779475999679747,1,26.350271540309826,25.926475197146047,26.78021899377371,27979.43478419626,contested
2022,15,-13.154163647247865,-15.05355715427658,-19.940824554558457,-17.644084934277043,-15.35076530612245,-95.80928704608009,-18.885107762113112,-18.732120817834844,0,-19.13873797615441,-16.258530412440116,-19.13873797615441,30947.135850361847,uncontested
2022,16,83.23414602930825,78.37503257753453,81.66815343443355,83.23754184298616,80.4408247689225,98.75148217897748,79.87153437766271,88.35561878754575,1,81.33534537317253,81.6960117547199,81.33534537317253,15518.66300057976,uncontested
2022,17,70.47640861200183,67.61297528738307,68.32076764907471,70.1312860582383,68.75028811137234,67.98057164206988,68.19158878504673,74.63420737807813,1,69.46001894401294,69.3873928916648,67.98057164206988,21674.44905256109,contested
2022,18,69.18916236601827,65.84245849523136,66.26224454278753,68.28955797565663,66.89006702010603,98.45261121856866,65.76626799108047,72.39177338856106,1,67.47468592013584,67.53376383821535,67.47468592013584,19934.044661477143,uncontested
2022,19,68.26495132127955,63.24485849885744,63.73752877973906,66.43816645893921,65.46218487394957,98.25765575501585,63.0143286750398,70.10417882165686,1,65.56008120955234,65.79490783230203,65.56008120955234,28386.370048569388,uncontested
2022,20,32.82406735375236,30.96036866359447,27.774922918807817,29.261827820340585,31.615057235104203,32.74428274428274,29.627428401619554,30.244086046834617,1,31.487496308003394,30.832095202704178,32.74428274428274,26997.913061376767,contested
2022,21,0.9676915873263636,-0.6691214316823069,-8.02164382479561,-3.2757407552185147,-0.9342834520981724,-8.423880832905283,-3.803176630217892,-3.825123715094983,0,-4.981608269186769,-1.761377312552054,-8.423880832905283,25016.923941151945,contested
2022,22,-24.531020454288615,-27.376795833094835,-31.864475435449336,-29.380465853451447,-27.51570531125071,-29.172461752433936,-30.99684414719593,-31.310054966774196,0,-31.242794515842483,-28.106008941546676,-29.172461752433936,34606.77828720306,contested
2022,23,28.174488079354955,24.267143988966815,-0.2560266001662481,23.654728043188022,24.480491012713717,25.54278793607656,20.75510808409831,23.907757679810818,1,24.500605568524424,24.26620380483875,25.54278793607656,33812.27811460984,contested
2022,24,-14.808848131854512,-18.359546337489817,-47.87043853191714,-19.938593226646823,-17.83964295746075,-22.335697399527188,-21.56491560182995,-21.6733281834349,0,-22.3495650084108,-18.53799997944801,-22.335697399527188,31740.60064313393,contested
2022,25,-20.69724482175844,-19.926655239765616,-94.70010470160044,-25.3133622388648,-19.186785260482853,-97.11330890104924,-24.233670357887977,-25.76933998858904,0,-25.291968159967666,-22.357765669748517,-25.291968159967666,25003.42636707443,uncontested
2022,26,-17.39397900726672,-18.64677469616703,-93.58712314767502,-21.473124903742494,-18.927235899033967,-25.686243841401417,-21.668761785040857,-22.54639418391227,0,-22.418212071615606,-19.865775398771007,-25.686243841401417,25473.32313856185,contested
2022,27,-12.691259693984486,-14.465252947215635,-93.10684622964664,-17.779802368771456,-13.609488405027436,-64.40843640738375,-17.613879765814648,-19.02092887638657,0,-19.54737821910304,-15.423607558399507,-19.54737821910304,27979.65807825076,uncontested
2022,28,-21.56528330490809,-24.3949697959804,-26.608009708737868,-25.656772432616854,-24.88318200812977,-24.97632306701519,-24.97903164315669,-28.022592621499527,0,-27.830822146317256,-24.271067347202848,-24.97632306701519,26308.208113234778,contested
2022,29,-14.91052015387188,-18.385593753935268,-19.74765258215962,-20.528276612666925,-17.31326972384515,-20.119087554511907,-18.7568524921987,-23.35480920991961,0,-24.118948803824004,-17.877229745645664,-20.119087554511907,23716.01201677553,contested
2022,30,-10.03716249547802,-13.33994381094034,-14.560221870047544,-13.976125489164392,-13.537667152124982,-17.035741394673448,-14.90214259694671,-15.393647487712233,0,-15.910482196419114,-13.113274433428526,-17.035741394673448,30048.49359668659,contested
2022,31,-8.831807190708368,-18.0161457917033,-17.918544816306998,-14.135876042908224,-13.23611890072911,-18.384423525625554,-15.70966437525273,-16.405846373115313,0,-17.69535457641655,-12.978366627399607,-18.384423525625554,24783.26991994328,contested
2022,32,-17.786655064667954,-24.759710858686155,-26.776172570750052,-22.31457294387715,-21.32066470541465,-25.897098151917938,-23.967140853536367,-24.083391983823343,0,-24.37179553202652,-21.347258391874032,-25.897098151917938,25036.672135662648,contested
2022,33,-0.12360939431396711,-4.682962690681858,-8.001620208417714,-4.737572085553693,-3.575628399235631,-0.9080214690096288,-5.158421345191772,-6.279970714579013,0,-7.703892328818875,-3.3988078060737656,-0.9080214690096288,26924.794729863537,contested
2022,34,-16.409390823998777,-19.149331352154537,-22.024724767820896,-21.318688080733494,-16.60549609844863,-23.562650528005925,-21.161812801744272,-22.261526962109723,0,-22.391284207177723,-18.873846951231293,-23.562650528005925,32176.872933521045,contested
2022,35,-27.796318596249787,-28.952586356837234,-38.91336779655136,-32.72124810161535,-26.25634253145201,-69.7918532583384,-31.13313257230899,-33.747907589631694,0,-32.94143862710716,-29.476760450406534,-32.94143862710716,28609.434256045686,uncontested
2022,36,-33.596921664842725,-34.66195221257902,-69.67884015415673,-37.87568064493317,-32.900448302853484,-40.87205146533238,-36.80862533692723,-39.011655239459984,0,-37.66438530350379,-35.295418987389155,-40.87205146533238,27929.471627961364,contested
2022,37,-6.46448241773761,-9.757666738151404,-19.018993177208195,-10.823186965318945,-10.02997216870049,-11.592569704460365,-11.752837326607825,-12.351220417824871,0,-13.282187321455355,-9.767619719591217,-11.592569704460365,27709.98998903522,contested
2022,38,-9.718793086863114,-12.773010920436825,-16.24045926022571,-14.572945150394084,-13.339600622406644,-95.2590811965812,-15.464391204463412,-16.50790930641762,0,-17.449582591654192,-13.273932516031813,-17.449582591654192,30512.12687375659,uncontested
2022,39,-27.086938910778063,-27.499252839210996,-72.77185786258862,-29.573804573804573,-27.62075000930994,-97.63658243080626,-29.74092483807802,-29.737020153949807,0,-28.195780221892043,-28.50560458299265,-28.195780221892043,26512.26602439709,uncontested
2022,40,-30.64929279429781,-32.055358144754074,-79.62640493905336,-34.662952646239546,-30.74854325414612,-75.28775859387153,-33.84250724255992,-35.85064389563726,0,-34.67284622483584,-32.47582398431085,-34.67284622483584,26613.983564185928,uncontested
2022,41,-14.839926181497232,-18.049750436229356,-67.94877920588657,-20.05629272215521,-18.036437246963565,-96.88194839443612,-20.21411870872472,-22.406015583741464,0,-23.118660502188945,-18.28669371483518,-23.118660502188945,24507.03518820629,uncontested
2022,42,-14.68629136226902,-17.313540912382326,-96.3819719925441,-19.35425944548197,-17.851317554097644,-20.434861387932596,-19.59291257870845,-21.380371852392244,0,-21.86578790675918,-17.871195235139272,-20.434861387932596,27296.277758809145,contested
2022,43,30.61256170635537,25.293563579277865,26.28164953622461,25.542716541564143,25.621079046424093,24.60613729832331,24.9960389137117,24.207328751659126,1,26.60710527174883,26.693099052013824,24.60613729832331,31476.523676886605,contested
2022,44,26.338645937377866,18.075610396429504,16.305960380486955,20.916430285838977,21.01028752308098,24.936207655081393,20.599664399894017,19.011953474001107,1,22.13444350423926,22.216257036547958,24.936207655081393,22500.740009425142,contested
2022,45,16.253782148260214,9.52335512190467,11.230534059424862,10.495585303332383,10.392720306513414,11.570525105404371,10.327370907863653,7.753372786508705,1,11.895630955156017,11.867364666492417,11.570525105404371,20714.130913693887,contested
2022,46,44.53853787628184,40.05560021436227,40.63742357932716,40.45279511353074,39.695776903062246,39.377837565158906,38.16943207878052,40.77253910435333,1,40.43795964449738,40.71413549291383,39.377837565158906,29579.084349535387,contested
2022,47,63.071261950915016,58.7062693112728,59.319732397165005,59.52952788287546,59.35742174574814,59.87534347563837,58.597874757735745,60.87808934341727,1,59.68333027756988,60.13902158431859,59.87534347563837,29890.008013403105,contested
2022,48,72.95147175815433,69.4332958741371,70.26308200083314,70.28844621513944,70.15628002305772,98.44102042299586,69.22604422604422,72.916548004367,1,70.22227355168873,70.65556055559892,70.22227355168873,30828.29874313856,uncontested
2022,49,-6.526558103845176,-10.432537120723046,-13.64809081527348,-13.188825483348952,-12.117171369580175,-25.25140142924387,-12.907425892973396,-17.23964620182877,0,-19.37116344602913,-11.184995212436924,-25.25140142924387,23145.661618566042,contested
2022,50,-13.708807171910015,-17.864012712218784,-18.846636021730053,-20.144602343555217,-18.28401872283517,-29.074120289493393,-19.26189976934368,-24.065851610171478,0,-25.5187653933418,-17.84983200191102,-29.074120289493393,23855.71365540813,contested
2022,51,4.8858585097566465,1.4915693904020757,1.5721120984278858,-2.052852444142,-0.5749095754806754,-12.211246200607906,-1.590970376362727,-5.8261015008480666,0,-8.784229358688021,0.16678152844281097,-12.211246200607906,26015.205364091486,contested
2022,52,-18.67201426024955,-19.557165198781796,-97.87406686140864,-22.18385668440509,-21.464471049728267,-24.59572356176848,-22.407901316886147,-23.602423662101252,0,-23.296973056347884,-21.182060827817264,-24.59572356176848,24229.48313427041,contested
2022,53,-24.46561164029101,-26.378942556757583,-96.7534064636726,-29.387632202943287,-25.475991807631043,-97.63310768639876,-29.26135271273119,-31.004279853389036,0,-30.721986825261354,-27.147647090899135,-30.721986825261354,26030.254424558763,uncontested
2022,54,14.258705592683778,10.23558807781546,-90.13426352507568,9.45910173828642,12.85276209946224,7.729168515396218,9.04178674351585,9.311212543781572,1,12.306703694463494,11.403089043487073,7.729168515396218,22263.354794513085,contested
2022,55,-3.2400014194967905,-7.049551980999668,-88.61395615966306,-8.096646591354551,-4.514300068181004,-9.127356786823665,-9.354733524147674,-8.567257977228987,0,-9.654261303215655,-6.3014204007950045,-9.127356786823665,27563.840616798036,contested
2022,56,-10.057609217474797,-13.845566014797315,-72.74654960752949,-15.340635117448503,-11.656399252439954,-18.06891726429946,-16.88098399608638,-16.332841217365647,0,-17.20956001719462,-13.483906895862408,-18.06891726429946,28586.190524673428,contested
2022,57,20.6421427651629,16.916115558649498,-66.45422630299757,16.59691962552311,19.307769140574106,18.77924008569804,15.671739988595997,17.265421019492784,1,18.90974747669059,18.05464287996403,18.77924008569804,22826.64358705065,contested
2022,58,-34.76449334331564,-36.36572403385605,-40.46682402307894,-38.61875935689644,-36.63217186271941,-40.53503352175627,-38.99287725691568,-40.30988041169195,0,-39.02193741440453,-37.25207545496179,-40.53503352175627,30325.874696971077,contested
2022,59,-44.916530488000255,-44.63734191618714,-73.3843776341669,-48.35193105444255,-45.280082987551864,-99.36246667439434,-47.880299251870326,-49.77631216268897,0,-47.47903714504602,-46.60721094546625,-47.47903714504602,30469.749922415485,uncontested
2022,60,-25.79293124461223,-28.631566286796772,-83.39475235849056,-30.011908306043463,-28.20405352812622,-29.521188106832817,-31.22429228163562,-31.53499459192868,0,-31.04664453193451,-28.808296340104384,-29.521188106832817,33059.28185186797,contested
2022,61,-21.487337244240944,-24.14154557941155,-29.556154537286616,-25.196539469433173,-23.302971155931463,-28.061150029188553,-25.509647879646785,-26.326575732246575,0,-25.814194849312806,-23.874123937313094,-28.061150029188553,27420.815897077093,contested
2022,62,-16.24821730622534,-17.985154473719412,-24.71342658736751,-19.63238946845504,-17.684168363430018,-22.850701571385308,-20.520240939529565,-20.036177079030352,0,-19.681023709786146,-18.52125401940999,-22.850701571385308,29757.593377132198,contested
2022,63,-17.309587241341557,-19.182725966321527,-26.660567246111626,-21.803852889667247,-18.859471964161123,-72.98168687129224,-21.813725490196084,-23.153119065869724,0,-23.20735378632913,-19.946659396341502,-23.20735378632913,27046.225511984107,uncontested
2022,64,11.730525579972916,9.91002910822969,3.846997411940162,8.797936070663336,10.404369659060874,13.547818422212432,8.263435849642741,9.574690131668383,1,11.00026455277502,9.799066789834967,13.547818422212432,22551.21291881423,contested
2022,65,20.12404474471149,18.477957199530643,12.55288354486751,17.37107405971307,19.679838799955217,23.69142921121872,17.54998591945931,18.721051887430026,1,19.85289545942587,18.681235880959775,23.69142921121872,17800.138449519647,contested
2022,66,38.26550019018638,35.76758721857261,31.530845392231537,36.16431451612903,36.332290402911696,76.26820182864883,35.06543494996151,38.229670693550574,1,37.039444932533044,36.45688501479715,37.039444932533044,15673.296385133566,uncontested
2022,67,-14.160948222083595,-16.42555085688849,-19.56594076977114,-20.416202155332584,-13.622920517560075,-26.515406791718146,-18.47688055576306,-22.20576465486264,0,-22.946802069978084,-16.66923786268483,-26.515406791718146,26628.540950549024,contested
2022,68,-10.331627345732958,-13.554901135885572,-15.811303364196238,-17.818824420414863,-9.916177703269067,-21.4373386379989,-14.638477801268497,-20.562674659492068,0,-22.07276638618959,-13.176276817671347,-21.4373386379989,23540.618528373565,contested
2022,69,-20.34780401117035,-22.859464545376778,-27.142189557755213,-25.95261306319671,-19.75835717030269,-28.59036299114969,-24.39831528279182,-27.48696750379994,0,-27.555350421413888,-22.61427238186539,-28.59036299114969,23290.5858497944,contested
2022,70,-18.820606389999604,-21.421574389718273,-24.026203271486295,-24.902738873327113,-18.63876393506748,-32.05308902983322,-22.479918097338164,-27.10498959645143,0,-27.511173531899175,-21.21050682393309,-32.05308902983322,25396.851826985196,contested
2022,71,11.930314087429345,8.950907381968037,6.940438419382749,6.940210178974931,11.131208624244843,14.160369587795008,7.98834880757327,6.406649081167719,1,10.536519846504508,9.497520424555596,14.160369587795008,27380.47227878886,contested
2022,72,-19.24884394150156,-21.108209378903148,-39.40837402930109,-24.662530550855426,-19.49345044294692,-24.31443551733243,-22.823359440346746,-26.54940538185924,0,-26.6992945644107,-21.557046093912664,-24.31443551733243,26307.912608328723,contested
2022,73,2.1861050703902984,-0.6083097406075433,-3.598658127477894,-2.8163653663177857,-1.4368917158402938,-1.8773227079422192,-1.44910868315124,-5.149989480949295,0,-6.884896048969358,-0.8790651737297552,-1.8773227079422192,26071.782970728505,contested
2022,74,-0.7896202614593228,-2.5869759143621773,-6.202519156773118,-5.33101502526081,-2.1233669588225537,-5.710890304690852,-3.423794041536726,-6.642343880228275,0,-7.718884179265233,-2.916949071769853,-5.710890304690852,30035.629838091787,contested
2022,75,-23.291062112037785,-25.618949221291093,-28.90583301563095,-28.52674143587397,-25.305576776165005,-96.55782756532676,-26.70295549507417,-31.300859536011245,0,-31.323128095869848,-25.95658395478773,-31.323128095869848,26137.78363426817,uncontested
2022,76,82.0716867270135,76.209961428811,78.70778267254039,81.15525611810165,79.02011311535759,98.39454429210768,76.18662078736969,86.1831542795797,1,79.11447100200138,79.60841918696062,79.11447100200138,29634.535673067017,uncontested
2022,77,81.71521035598705,77.3364715112288,78.92498945113441,80.08762604297543,79.41512079027157,98.70235773798971,77.6604146100691,84.24727245985252,1,79.28011307236027,79.7195929498258,79.28011307236027,30442.15659643598,uncontested
2022,78,67.45804585580429,62.76145532044451,63.34020868721184,64.15885173235232,63.59774230745888,64.14240274039638,61.744760502009875,66.21711220696798,1,63.68069999979484,64.23985009940634,64.14240274039638,32583.77479241805,contested
2022,79,52.1360923908203,47.65592172399304,47.8160713217256,47.55205234979179,47.51240806075465,48.32651824928064,45.395951220988294,47.95854353750535,1,47.67086051790631,48.14912600558877,48.32651824928064,33028.92303204852,contested
2022,80,43.56496350364963,39.15301755939206,39.28371737147229,38.7560368798478,38.93428168351752,39.40053034591664,37.39469532343047,38.46726785687609,1,39.35969765383315,39.66249434761136,39.40053034591664,33616.82390160969,contested
2022,81,19.927608421332277,16.10269162270237,11.181463481415566,14.26144879267277,15.424069728461282,17.84138743896279,13.59669891091118,12.506067774320535,1,15.971253261150313,15.802456463344377,17.84138743896279,29547.83669525332,contested
2022,82,-9.34064108952002,-11.8808872683075,-19.232459847844463,-14.23147377185679,-11.29911194833154,-13.552068473609136,-15.238972469552753,-15.348288351853636,0,-16.138263040971125,-12.527549819815274,-13.552068473609136,29362.443980445914,contested
2022,83,-36.123321848639655,-38.6102936760555,-42.508118607545,-40.42863521357345,-38.41286027052155,-78.59746176374878,-41.10915492957747,-42.492623095739006,0,-41.36366063701179,-39.01849306557803,-41.36366063701179,32975.78026695281,uncontested
2022,84,6.803165334972339,5.0201352777886346,-0.2809756097560956,1.71703561116458,4.859951050852729,-2.034894966923284,2.1581600504095855,0.6121079439314177,1,4.845490280670534,3.8845780118498086,-2.034894966923284,25472.075867445204,contested
2022,85,-3.668831168831171,-6.173091860512658,-10.465592013746829,-8.129021747984034,-4.590003266906245,-12.439444946218895,-8.497974704472188,-8.547099676543896,0,-9.385657399402433,-6.2214577220484095,-12.439444946218895,24277.710407891405,contested
2022,86,-20.68616854363516,-22.525057147881135,-27.390144601993544,-26.017822820199193,-20.51894245286331,-97.1498513726176,-25.132837407013813,-27.401824738646773,0,-27.38908586981372,-23.088942805927868,-27.38908586981372,28245.785660338766,uncontested
2022,87,-32.13234472223257,-33.184395299065066,-37.57739502420354,-36.72263565311694,-31.14569660603787,-39.0182622717216,-35.28390214436726,-37.94976546189067,0,-36.790569806282825,-33.82114478143866,-39.0182622717216,26522.553941586197,contested
2022,88,-6.31537242472266,-8.794252227663163,-70.87617914506671,-11.497814858959076,-7.479213303485771,-16.363563209141386,-12.451503394762364,-12.294452774483617,0,-13.308584692592946,-9.435975995482467,-16.363563209141386,24728.968137981556,contested
2022,89,-27.6017420033038,-29.92565055762082,-76.93305554463619,-32.794830371567045,-28.851169999621973,-33.09658551407194,-32.786447403563656,-34.735478326026715,0,-34.39874045261363,-30.508547444514118,-33.09658551407194,26276.19959557512,contested
2022,90,21.40299383621954,17.75951402537073,-57.03261785876402,17.30417869982908,19.62179145177544,18.337817638266063,16.62465490337295,17.6803936757573,1,19.498820604246973,18.738404722799253,18.337817638266063,16751.29502748771,contested
2022,91,32.834782608695654,27.620684268083117,29.420476246151452,27.992640726532525,31.556594584063895,29.312509810076907,27.629100612148804,28.542669387177302,1,30.488761216983463,30.003279632860217,29.312509810076907,25217.818361718426,contested
2022,92,-15.783117980920188,-19.370538611291376,-19.99597017932702,-22.96158961750836,-15.948188625784256,-26.780085670411378,-19.487326481307065,-26.120988866474626,0,-27.2162568023552,-18.545055676379967,-26.780085670411378,24592.524774595917,contested
2022,93,-12.017693851758231,-15.12752529967512,-15.700078221030278,-17.23161737316546,-14.07294038597932,-19.517658478309563,-15.749241203582276,-19.488666247027563,0,-20.2274144432358,-14.76787320362132,-19.517658478309563,26685.00080315048,contested
2022,94,3.830141548709403,-0.4141658769435952,2.180458934690066,-3.217873224800827,3.0931077869425394,2.615283495347148,-2.72454561496383,-4.867499146907022,0,-7.256862747420921,0.2452076239718214,2.615283495347148,28449.533070142013,contested
2022,95,34.56475750215467,29.26945536884757,32.04055169161853,28.95025460242852,32.89103655879907,33.73937116867708,28.108086437076533,29.14837640826056,1,31.41437733548458,31.1285337751147,33.73937116867708,25095.70957094023,contested
2022,96,-6.086371905402194,-9.056859385583932,-9.104950495049508,-13.200142704245454,-5.646477919802489,-17.11316579737633,-10.312048772661637,-15.491797642466196,0,-17.113008541907554,-8.811260325527943,-17.11316579737633,24952.52922900984,contested
2022,97,-18.21499780338617,-21.19091719832613,-25.390189520624308,-22.851820491109223,-21.347199890527182,-96.14330189117608,-24.041775456919055,-24.65661246512731,0,-24.91207812161702,-21.613948410485406,-24.91207812161702,28865.35888682919,uncontested
2022,98,-13.550314356177706,-17.197788654530093,-21.45715715000357,-18.895551526983684,-17.020678013785346,-18.499837878733288,-20.23490771482631,-20.996356114768012,0,-21.89220667168926,-17.42536290294326,-18.499837878733288,28083.430153180616,contested
2022,99,-31.672843945344916,-34.97747810760149,-38.52916985734139,-36.193905817174524,-34.644414625964444,-39.199793049926704,-38.454548036236616,-37.996421346409356,0,-37.340988473648764,-35.24142810618012,-39.199793049926704,35315.331551675896,contested
2012,1,-10.803193178698503,-12.985096598334966,-70.02605034371864,-16.41198274904844,-11.17094877303777,-25.10049614115453,-15.634992631258532,-17.791366130025445,0,-18.58889916472854,-13.505279333010812,-18.58889916472854,31939.581187012973,NA
2012,2,-20.192313602279683,-21.208846631440597,-81.10470519126862,-24.81129655547892,-19.95717053467671,-30.14200439941268,-24.717800845048416,-25.521261750955624,0,-25.23714910491948,-22.41964538437093,-25.23714910491948,28921.079032043897,NA
2012,3,-9.97344675688212,-13.031527370400402,-72.56556163020274,-14.505883433442108,-10.731590570609985,-88.4738679524087,-15.507173157777691,-14.901356652144418,0,-15.358635016603847,-12.679523479677977,-15.358635016603847,28962.612653567914,NA
2012,4,1.3697333896282526,-1.6267970142194,-68.32641908573594,-4.204207905619295,-0.5925966030501051,-9.106314990545966,-4.838072216315092,-5.401544968646297,0,-7.160414229923047,-2.06628583383906,-7.160414229923047,27204.06392093842,NA
2012,5,-21.146134090798657,-24.04920047961904,-76.23761353031203,-25.909987297003273,-22.236549478211423,-25.60260562536356,-26.66952523948865,-27.066917334206387,0,-26.94818584499795,-23.9905490263755,-26.94818584499795,30316.316817631934,NA
2012,6,-33.4192006314781,-35.5584633039192,-79.01469660905099,-37.85328392567312,-33.34252911830767,-29.897314010494995,-37.39332881137072,-39.1498260711515,0,-37.9595045153917,-35.5020856217074,-37.9595045153917,24918.91196942815,NA
2012,7,27.49481788569736,25.57219412029849,22.740858822357275,23.693809148264982,25.864474339810663,25.39795555103494,24.02463029324181,24.174570085621347,1,25.952647897017684,25.269432916753704,25.952647897017684,19941.934638351835,NA
2012,8,65.24996217690348,59.95628729851053,61.421692033864296,62.73011799702224,61.8823524809948,98.0257013271393,60.63471829238025,65.22579187330533,1,62.2915983037475,62.624287736825195,62.2915983037475,6903.266513293058,NA
2012,9,49.38356212488885,45.73082781472698,46.07078789199182,45.904176095209714,46.85539683145135,50.5464644592309,45.68931614030243,47.104157127999144,1,47.02287332710324,46.95811279796308,47.02287332710324,11001.959485834426,NA
2012,10,82.756307884752,79.65005718426072,81.37805636541943,82.27428244238875,81.06014120951676,99.11327633450225,80.53997798968815,87.10118827408851,1,81.43277354438409,81.65767738158642,81.43277354438409,18823.65550042159,NA
2012,11,72.2026273049322,70.19857478477233,71.26597853622296,71.83255043304497,70.90615898317216,98.13846360139942,70.493168528729,76.38728278865673,1,71.45958368028435,71.35862631246958,71.45958368028435,15330.435152309954,NA
2012,12,64.54721973366979,62.45315510962395,62.901898775968576,63.18210691815192,62.8634067330438,64.94223856710508,62.63256222400735,66.50952702594306,1,63.4070530723933,63.30632390221822,63.4070530723933,16183.48676431603,NA
2012,13,12.248252210131492,8.468518687174692,5.143232627663263,7.562647444545073,8.879058153827552,14.258387126015007,5.112395181141871,7.1542596009860615,1,9.090866979090695,8.450588247411497,9.090866979090695,31306.040771959255,NA
2012,14,18.819827386202537,14.867667570880505,11.683695703591336,14.294476874306543,15.205242868618724,13.775882281813196,11.886369506838834,14.076454381541218,1,15.518642883591742,15.05147915899166,15.518642883591742,33716.1820462029,NA
2012,15,1.4787369445893483,-0.4452250086907805,-4.865606814123957,-2.4471132525956674,-0.8279020825329553,-51.8554627129764,-3.3580234874591444,-2.880322174716096,0,-3.985205905537577,-1.2885754694996048,-3.985205905537577,25055.90158150914,NA
2012,16,84.20967654221145,79.48206426372805,82.78210626236738,84.18691949594745,81.54895971048064,98.76071894847502,81.03866956035995,89.31695265998579,1,82.38171281973035,82.74605632724987,82.38171281973035,14433.541481771043,NA
2012,17,75.41052340426317,72.68907169945668,73.97171961978628,75.34317616899106,73.74075796517741,73.94596525840562,73.53843279734996,80.14713952081799,1,74.50898819213562,74.5082225839454,74.50898819213562,18680.313863611333,NA
2012,18,78.5132715609816,75.2899206310105,76.91304920903055,78.32589039364073,76.37521399954457,98.58814050616432,76.31929765599924,83.0293202348927,1,77.22121964495341,77.38341840254154,77.22121964495341,14828.109234514173,NA
2012,19,68.2202583199355,63.20970986738397,63.656022092393926,66.35785215792009,65.49498357720461,96.2408291913578,63.06612751252245,69.99657566028706,1,65.559740550101,65.78480539189566,65.559740550101,30051.66198807035,NA
2012,20,30.562764513712576,28.882586059176656,25.51298265717295,26.92187031744372,29.347540956306084,30.563555662581308,27.37067040939535,27.751296016235848,1,29.24876877956988,28.55071154921443,29.24876877956988,25327.60622751709,NA
2012,21,1.1755353707882166,-0.3854317397121665,-7.803156420922725,-3.008213783682945,-0.6874818642392477,-8.195097366538274,-3.5051083209641343,-3.5118371736348952,0,-4.651146178501444,-1.5063171495245276,-4.651146178501444,24867.06871964224,NA
2012,22,-18.50322585339278,-21.501116905216012,-25.539455056373832,-23.395271232307714,-21.52275560572583,-23.639483896662643,-24.989775679146536,-25.1503535323575,0,-25.48839399083295,-22.102757092643216,-25.48839399083295,34081.37183091654,NA
2012,23,15.92979047119487,11.813188895124645,-25.14667491009706,11.137848045867656,12.277243842350888,12.627300815669152,8.202516540971573,10.839045738492892,1,12.380606696116347,11.886849725096248,12.380606696116347,34914.91038655819,NA
2012,24,6.391202639735477,3.3607524604716055,-11.169657910692548,1.9817194376297589,3.570114750304898,4.71128892839468,0.4621641741148153,1.4454486541790448,1,4.003986991902982,3.101300250446237,4.003986991902982,32346.862203451576,NA
2012,25,-22.244184794366785,-21.68352994784642,-93.82889501548549,-27.263546334782447,-20.921956947796,-96.7760025192304,-26.070377372229274,-28.105708201064026,0,-27.722723221210995,-24.12501636229363,-27.722723221210995,24316.976254835095,NA
2012,26,-15.518062589780184,-16.912576410370306,-93.41748564599168,-19.73968720665138,-17.157526271073753,-25.33253074328422,-19.866486305298515,-20.889459775056515,0,-20.95293561064974,-18.070440593200956,-20.95293561064974,24697.118775770454,NA
2012,27,-13.173553891045309,-14.88584626136612,-93.17793022333495,-18.111994148722783,-14.066697943766004,-65.245355178092,-17.988162620425584,-19.269200732378437,0,-19.698443327551587,-15.83510215098992,-19.698443327551587,27900.977199714467,NA
2012,28,-25.758321945448,-28.663677092992906,-31.00381809504756,-30.288382356113935,-29.256483365671286,-29.91186764341849,-29.275018651567407,-33.225306048532936,0,-32.97112093361808,-28.644551579700156,-32.97112093361808,27056.429435507023,NA
2012,29,-13.97786267174158,-17.21652590122686,-18.91620530140171,-18.67656977853179,-16.85329564634255,-18.17954608907956,-17.85885132982087,-20.909758389863292,0,-21.40692537123728,-16.841644856609197,-21.40692537123728,24415.53183370639,NA
2012,30,-1.668282994352599,-4.975752928580196,-6.005344518806472,-5.258686688684561,-5.018593738457977,-8.113411303967794,-6.511690976531936,-6.015282577969138,0,-6.901928568605307,-4.614313599506769,-6.901928568605307,29414.79898283801,NA
2012,31,-7.887639872093932,-18.697446729673917,-18.16879104480258,-13.80163988453086,-12.989402426801666,-16.52391443954108,-15.168227853920724,-16.74259369996662,0,-18.43115099201389,-12.461727509336797,-18.43115099201389,26769.068325605123,NA
2012,32,-22.074971693118517,-27.22914024346211,-30.152037078744364,-26.326926455823692,-24.845878194832956,-34.78118665530332,-27.44291329052839,-27.933067388917408,0,-27.735805611227825,-25.17267240857589,-27.735805611227825,25925.130036487313,NA
2012,33,-20.606650747354387,-23.579970816861145,-26.96842655979197,-24.830537632239363,-23.220490653144267,-40.34085378925869,-25.27084025375196,-26.52138042594924,0,-26.37906577597306,-23.482129821622493,-26.37906577597306,28661.87793731007,NA
2012,34,-20.47481577124175,-23.0990961911593,-26.32224945100143,-25.39353488054912,-20.647952738234338,-27.41028569165508,-25.13065314975453,-26.513994533436563,0,-26.385294576660193,-22.91173913494493,-26.385294576660193,33293.71942133417,NA
2012,35,-27.288765688380835,-28.48055545968197,-34.73865453401879,-32.38731081807304,-25.866792996651615,-66.55409589180722,-30.86190178330412,-33.51750825556887,0,-32.83195194243879,-29.101192821602403,-32.83195194243879,26523.486732725392,NA
2012,36,-33.60791442153908,-34.392628539745374,-72.14604124472015,-37.76977272522997,-32.532547354239895,-46.02449189350333,-36.58017102520142,-38.70968039406553,0,-37.26631877564853,-35.12260138155259,-37.26631877564853,27722.509525648125,NA
2012,37,-7.20265281089798,-10.421753957266615,-19.19383028572336,-11.407596281344984,-10.917947128330177,-19.430891306456484,-12.436727862211422,-12.922439207093955,0,-13.75934899870149,-10.49123102069614,-13.75934899870149,28311.531057471875,NA
2012,38,-12.766102863951197,-15.924388006191965,-19.42161434934596,-17.71666857350483,-16.252517886797936,-83.99515311917601,-18.766867407422744,-19.694668412256735,0,-20.4700936166666,-16.375539182919177,-20.4700936166666,32870.91953261116,NA
2012,39,-31.04298776783519,-31.30385963617964,-67.71302449335677,-33.37480851789329,-31.07611276988348,-93.83693863308316,-33.453687962105825,-33.39762106195771,0,-31.479404062746468,-32.236899254429446,-31.479404062746468,26066.638241538858,NA
2012,40,-30.695327827828606,-31.89609482630633,-81.19724552708614,-34.76544619278381,-30.819713551920582,-72.960164586147215,-33.83524047409884,-36.03187257757897,0,-34.87685338655912,-32.52893201165796,-34.87685338655912,25710.753791414398,NA
2012,41,-22.281529439726505,-25.20249274546173,-73.80945880310479,-26.847301229212196,-24.461177701343196,-74.84186775523654,-27.108653273308857,-28.62651328328105,0,-28.47123408641739,-25.174665410897692,-28.47123408641739,25140.72427654575,NA
2012,42,-11.34262651226125,-13.99042168209555,-85.1028825962497,-16.436101702930213,-15.222134116949016,-26.91483853287399,-16.59198890787124,-18.919224662952132,0,-19.880963941336685,-14.89821281000293,-19.880963941336685,27160.294724429063,NA
2012,43,13.71435659903998,7.717107250496702,7.245278834623719,8.516198707932993,8.894143290122635,10.205398376130798,7.810266831101464,6.634405383406742,1,10.053405224342457,9.733741357049269,10.053405224342457,26364.04375371206,NA
2012,44,26.991210019860578,18.857424989765885,17.050642127889315,21.641857906673113,21.903143929373048,25.746085610624178,21.356889129021994,19.900512805859627,1,22.92370503079997,22.973275246232184,22.92370503079997,21721.109130686767,NA
2012,45,13.689409267643038,6.630550150629394,8.425432367532848,8.053634521464726,7.748171485580968,8.23608093003485,7.771704096090509,5.279876348811035,1,9.405327252802774,9.315729842694811,9.405327252802774,19183.35166710455,NA
2012,46,42.432909871170374,37.97397958846518,38.58079328192364,38.20960285529703,37.605041303536325,37.52100048461692,36.24996029144592,38.281886224391485,1,38.38459643824703,38.62437858036241,38.38459643824703,32626.82724291957,NA
2012,47,59.683512064427035,55.35711722407321,55.793192165106085,55.94425590237621,55.844774395354435,56.095435329869005,54.99502351293013,57.01688573553339,1,56.19625768664123,56.616891468771954,56.19625768664123,32422.76859430225,NA
2012,48,68.4928711068509,64.80564772003544,65.40878732669265,65.41527051262352,65.16435317083533,89.69347502049165,64.16018675515083,67.48520437670268,1,65.34237315717681,65.80817038636515,65.34237315717681,32600.43210433301,NA
2012,49,-6.834516513073774,-10.761353517364208,-13.967872558180922,-13.567684242984896,-12.435486741413063,-25.632855372632317,-13.172550076349593,-17.70842014439683,0,-19.850467898421297,-11.502559393455332,-19.850467898421297,22375.84513793641,NA
2012,50,-14.253448038389148,-18.124383742209137,-19.08675391381226,-20.43289784340513,-18.65974036297155,-29.29241413039736,-19.64098149379937,-24.134865574981863,0,-25.4251177026198,-18.2467669346413,-25.4251177026198,23481.09938189317,NA
2012,51,6.604367536535277,3.2649605199154665,3.2703647926385027,-0.36352304509512656,1.2443899397643177,-10.701271038382052,0.11961149293267526,-4.048411520307812,0,-7.1163418612913985,1.901211481034286,-7.1163418612913985,24545.21259427242,NA
2012,52,-17.661717021041795,-18.793630809619028,-97.86686844351291,-21.363972657282716,-20.648972741731097,-29.1394350895274,-21.62822861383943,-22.919962944529743,0,-22.783208072691828,-20.32572275847376,-22.783208072691828,24697.669161104917,NA
2012,53,-24.420668816244557,-25.936705673169666,-96.86242580543248,-29.001132066674,-25.338911355335053,-91.3951210000973,-28.924338881919397,-30.384159099981247,0,-29.94869120249082,-26.921262780043254,-29.94869120249082,24762.82547151356,NA
2012,54,14.501185743677176,10.439398550172768,-90.11279907219463,9.623191151641713,13.038777268620056,7.864021453734443,9.198276391824711,9.420595008975495,1,12.469726457052477,11.590357638940914,12.469726457052477,21784.666556077456,NA
2012,55,-0.8255603734502626,-4.8119301433731,-85.95440500485954,-5.69362164466114,-2.2681377737097552,-6.835961135821522,-6.939019018126924,-6.165583929015389,0,-7.4303714600212984,-3.9315847024870205,-7.4303714600212984,27842.6491196055,NA
2012,56,-11.097368387704758,-14.763832919992453,-75.27557180796873,-16.430920855663572,-12.58484654986538,-23.503573368718545,-17.764139873847846,-17.503379052870265,0,-18.320136826337,-14.469318916770389,-18.320136826337,31637.87696644222,NA
2012,57,20.47672509137715,16.705253264526558,-66.92711522824054,16.252486221629148,19.15643064446746,14.039625025321262,15.468519264272572,16.784156053976485,1,18.67872617854188,17.838540305436585,18.67872617854188,22212.79791333381,NA
2012,58,-34.34043226853586,-36.12277995140294,-40.169429867476424,-38.2803928964207,-36.25214563457165,-39.97184959455598,-38.64661231783369,-40.02261073521611,0,-38.803263894185605,-36.87989577934047,-38.803263894185605,30137.41920098197,NA
2012,59,-46.79560875415154,-46.29283517308557,-71.41140778298632,-49.737378545094614,-46.988788796788675,-89.83653129583817,-49.556485365669786,-50.803973633323224,0,-48.16004758766482,-48.269565365426146,-48.16004758766482,29675.397178826366,NA
2012,60,-25.796562882338936,-28.63503083351769,-83.39088249349498,-30.01637488631175,-28.207611729258392,-29.526458968634262,-31.228329934235877,-31.540122979835623,0,-31.051885011132924,-28.812219858036237,-31.051885011132924,33066.07038729105,NA
2012,61,-21.46983996096391,-24.05978791799394,-29.50707196462396,-25.1606233234342,-23.255171819352455,-27.884550859634587,-25.45536533200482,-26.27261378128449,0,-25.749736962617796,-23.835250108938844,-25.749736962617796,27786.692922471055,NA
2012,62,-11.02509351699988,-12.64738691860298,-19.605337843298877,-14.42175512092539,-12.482700325845514,-13.11442063190188,-15.27216188240812,-14.664206042535174,0,-14.648597253359103,-13.300427711544726,-14.648597253359103,28068.56358050736,NA
2012,63,-16.181676139567795,-18.141459757038625,-25.56646878155302,-20.612425564517967,-17.877543384060886,-68.77941298592128,-20.705387963569116,-21.929603715662296,0,-22.046368706033878,-18.84425826292894,-22.046368706033878,27304.827691945116,NA
2012,64,11.071426675175472,9.25066233526055,3.0300568365533076,8.04076175851829,9.70657337278727,11.79274084362733,7.586531310084049,8.698969950494174,1,10.300198243141928,9.101323279141269,10.300198243141928,22344.71456079068,NA
2012,65,20.699220551766224,19.03164748695322,13.0942861224558,17.94427036113041,20.252655563522744,24.333498505338778,18.128735378497453,19.311243631401325,1,20.413859619984855,19.256220463729207,20.413859619984855,16965.66184471683,NA
2012,66,40.93828023431511,38.33418821418855,34.61399630685478,39.17191117911761,39.227946706543634,73.91020751349605,37.99206621216831,41.63548394700276,1,39.92862226127503,39.332551083036165,39.92862226127503,14109.302442691587,NA
2012,67,-19.08365605910473,-21.491119270385656,-24.620816492080426,-25.611246282024275,-18.799423428935828,-30.769827969506046,-23.182556736075092,-28.001019850928866,0,-28.568870167398977,-21.66922062653498,-28.568870167398977,26928.039277104413,NA
2012,68,-10.350106701855175,-13.72428003604124,-15.593879128576098,-17.63310302778695,-10.087826704830372,-21.76409129785099,-14.862762489481112,-20.20966632651035,0,-21.65408032005455,-13.233449730988402,-21.65408032005455,25308.47030017603,NA
2012,69,-24.415384428763165,-26.53832237436027,-31.5541273220708,-29.98752106869192,-23.63324614644786,-36.023098060072805,-28.319686704995306,-31.600867137531154,0,-31.372889645911613,-26.58895958722456,-31.372889645911613,22597.836227632248,NA
2012,70,-18.26564531237119,-21.128330092456704,-23.758216088749883,-24.41037562662509,-18.234375031777233,-31.27080411950151,-22.091556132483703,-26.660068345381532,0,-27.147022089497455,-20.750488025814306,-27.147022089497455,24722.02259957074,NA
2012,71,12.406925379239995,9.587711696772732,7.617082480889264,7.438483591003853,11.88611256314619,14.356841271921228,8.610765884109107,7.022839614570637,1,11.161238285710745,10.085571854374786,11.161238285710745,26601.752137801752,NA
2012,72,-19.191077139418045,-21.16627056609341,-36.42961203140681,-24.68877427056983,-19.535210373009615,-24.156619508578753,-22.86524732565819,-26.65752985768882,0,-26.85872528996434,-21.57007727716392,-26.85872528996434,26044.192908200363,NA
2012,73,5.048053532526237,2.656440292405321,-0.5561492819430303,0.30356518799136145,2.039893333300297,-3.0145597557046324,1.8120623449365048,-1.5532445453368924,0,-3.286876409204191,2.3008935996886,-3.286876409204191,25718.990877972374,NA
2012,74,1.1712045232726398,-0.6551478325808768,-4.205117804144271,-3.3316472770190564,-0.19020446980504424,-4.040061110168058,-1.5408740710438409,-4.526123209314583,0,-5.715512178796856,-0.9728803236488255,-5.715512178796856,29231.614992963943,NA
2012,75,-24.919423784133375,-27.45619848597593,-30.568926067882924,-30.304736364121577,-27.10897708744057,-91.77762902636212,-28.424572921805897,-33.31497662497574,0,-33.317250716160494,-27.68942753937535,-33.317250716160494,26039.60440444743,NA
2012,76,82.78083705220651,77.18610908962769,79.65738313959248,81.86089023926635,80.00409158375763,98.48786198008396,77.43300179700734,86.86126744826566,1,80.05534852337591,80.51970516805946,80.05534852337591,36827.09742860545,NA
2012,77,81.166316030822,77.06306937866805,78.39708840991221,79.37556450370586,78.9024695239783,95.1414477092658,77.33204369343102,83.32157721313494,1,78.75526619986894,79.19409843798431,78.75526619986894,31883.779225298946,NA
2012,78,66.80884149341858,61.950942583010594,62.50350752173497,63.34714971153822,62.7201088375331,63.245103196716734,60.67840468947725,65.27755148472943,1,62.787140145458864,63.38862618299179,62.787140145458864,36936.20963746344,NA
2012,79,42.80953607783843,38.43837199614494,38.46848040767708,37.79479808689228,38.063168191819216,38.65380433853866,35.767863868151984,37.54336872793498,1,38.27706617418498,38.60884155617548,38.27706617418498,39269.61286796254,NA
2012,80,38.73945597376378,34.27039045954673,34.53193364761325,33.550525677989626,33.657620243626255,34.065329176469945,32.522755437077386,32.570021586729865,1,34.31068097703139,34.61758933311426,34.31068097703139,36086.993406539434,NA
2012,81,16.75783954787432,12.781542985730663,-5.152467827597884,11.212130323817348,12.200334056793285,0.4732314626186062,10.944661470484329,9.243267483726303,1,13.029368511597122,12.77874134974232,13.029368511597122,26606.190042154543,NA
2012,82,0.3581753319847114,-1.994850596580111,-9.877113906317636,-4.622619016123481,-1.4637251804889284,-4.0138114744244895,-5.11148329951539,-5.540587965203018,0,-6.963627233782856,-2.709913041035772,-6.963627233782856,27927.948622652573,NA
2012,83,-32.07267885821382,-34.08387101150906,-38.91614985905749,-36.40724596265939,-33.96654168011101,-59.37412226106101,-37.280049165761056,-38.087281938343345,0,-37.184848906217695,-34.93162891668632,-37.184848906217695,32544.946928338173,NA
2012,84,-4.5828185677110165,-6.618882311056967,-11.225364057242103,-9.692967973063544,-6.727178753887758,-34.87512091597397,-9.85606632948678,-11.117392359394511,0,-12.314940065631125,-7.714757906037274,-12.314940065631125,27916.42996023286,NA
2012,85,-2.664908974706681,-5.2796639941619095,-9.484157721177322,-7.142055001180125,-3.7038162418261686,-11.46177900277457,-7.601333054583181,-7.55732997269886,0,-8.481729816288292,-5.278028318074039,-8.481729816288292,23749.06261948196,NA
2012,86,-21.23915746151362,-23.070713932369408,-28.01958037994358,-26.56971083579587,-21.052520780330052,-92.77920011304944,-25.669374017550428,-27.969305622359435,0,-27.918492204030564,-23.632690773797492,-27.918492204030564,28808.37682976239,NA
2012,87,-32.22579419990084,-33.35027003351605,-37.63612394491817,-36.85642616916207,-31.251732081334264,-39.39568270834724,-35.37545059700179,-38.12736177577815,0,-36.98040751944481,-33.92735076184974,-36.98040751944481,25234.33372773781,NA
2012,88,0.7877489822001094,-2.2825833524938446,-68.12926644992719,-4.2550080622676125,-0.6668207690576022,-7.894929887050517,-5.319978149969634,-4.822227943510051,0,-6.263454490961773,-2.363514499773685,-6.263454490961773,26632.47423093779,NA
2012,89,-27.622929078122866,-29.852990368207927,-76.98877954627494,-32.76647079342086,-28.900616831532066,-33.415597528122795,-32.791867537881004,-34.68495539083938,0,-34.32938779116405,-30.5204710602392,-34.32938779116405,26884.999567261904,NA
2012,90,22.899081823734413,18.95944197682607,-55.977519087786995,18.8602994323226,21.286631718631355,20.086953778405253,18.423067174482693,19.319658602393666,1,21.12820964239226,20.367270037292766,21.12820964239226,15146.022603517646,NA
2012,91,32.845482962908385,27.63575554333249,29.41800447532328,28.002437478473112,31.53456001606235,29.31715212590269,27.632115883007785,28.539236293148704,1,30.48349505427936,30.003649085112908,30.48349505427936,25253.03343307143,NA
2012,92,-12.89602291877317,-16.370892417423793,-16.947150870977268,-19.922385793225633,-12.896800169527443,-23.356489325652323,-16.600197264033618,-22.771534353575245,0,-23.96819464936001,-15.578851536389966,-23.96819464936001,23480.204333403395,NA
2012,93,-13.370899187354668,-16.76568647672691,-17.01228473154139,-19.31458894171563,-15.086725649486254,-21.752047345547567,-17.225067024059253,-22.031733662510923,0,-22.94950209185204,-16.24932020065395,-22.94950209185204,28698.338657921417,NA
2012,94,3.5243954185894655,-0.6924240569136375,1.8961397783609668,-3.4874584419489207,2.8078856784446495,2.036476590376024,-2.977896048894441,-5.125786030777452,0,-7.477676899426842,-0.033268348452311636,-7.477676899426842,29560.03147004418,NA
2012,95,34.65371652064183,29.3645515975392,32.119288509345786,29.05773339816855,32.98114921850054,33.825417550319216,28.194013032480154,29.276187347452787,1,31.50774808778779,31.22165304244777,31.50774808778779,24789.918088921713,NA
2012,96,-4.971533917228626,-8.221433229817093,-8.20146067237497,-12.24041755814913,-4.775301436018325,-16.483764363383415,-9.342002255038922,-14.687890983428682,0,-16.474415603593044,-7.832313791608751,-16.474415603593044,24556.416618540283,NA
2012,97,-9.842591128448042,-13.25944811035032,-17.239436997479157,-14.421803196126588,-13.265707128388716,-76.11662704283513,-15.794939609453207,-15.968223063836724,0,-16.767466098965468,-13.33126026560414,-16.767466098965468,25003.769484393135,NA
2012,98,-17.260398874464546,-20.64573529949012,-25.073620002895098,-22.47408612257303,-20.547084597272452,-22.4561434759304,-23.948203271632316,-24.512119590773363,0,-25.096157648285647,-21.057443216485588,-25.096157648285647,30327.957634756767,NA
2012,99,-31.004008705559684,-34.11293886461648,-37.703820969307046,-35.58590347307827,-33.952674546783626,-48.89728368758973,-37.55452484964884,-37.48171983878228,0,-36.88860664893726,-34.524277893767604,-36.88860664893726,34154.312861343366,NA
People's Map Commission,1,-10.863273139117858,-12.774672932808334,-71.72497146310347,-16.36175028291211,-10.96059503085931,-27.030051150895147,-15.596065741838338,-17.556467171806105,0,-18.27181058390824,-13.445421048681903,-18.27181058390824,31403.36593412572,NA
People's Map Commission,2,-17.37464487370336,-19.514908544070792,-75.14623330452984,-22.375360054052628,-17.695814022222972,-36.11953340793599,-22.56549383101024,-23.342099915441906,0,-23.468262741191438,-20.0028281952473,-23.468262741191438,27882.630347341517,NA
People's Map Commission,3,-2.637670065089859,-5.2514941178682495,-68.94328562958177,-7.177865115163123,-3.7399789257459903,-11.304710667274351,-8.065145446268984,-7.510362351441523,0,-8.475992622000202,-5.40516488806699,-8.475992622000202,22621.210554773046,NA
People's Map Commission,4,3.637345981710094,0.3791607679668907,-67.22266725652068,-1.6950876406585047,1.7004039971455276,-4.859023179882377,-2.5312727649145828,-2.608417593396605,0,-4.4078087114643765,0.2778473933206336,-4.4078087114643765,27266.742880438796,NA
People's Map Commission,5,-17.147652993926776,-20.21737350245,-74.22650469287206,-22.25515010165945,-18.795595853330756,-24.30030560209136,-23.09345322262938,-23.67586295690107,0,-24.023873142353107,-20.322963042886588,-24.023873142353107,27694.19582336543,NA
People's Map Commission,6,19.172420922602424,15.578558065529634,-58.32164656622597,14.570188721283513,17.691181090039326,14.836776406522134,14.44308786452922,14.568007125529103,1,17.2713427028227,16.46921964961362,17.2713427028227,17742.017597729515,NA
People's Map Commission,7,59.64340749038026,55.482304876057086,54.741917311366265,57.238042257883194,56.99178656315817,77.60345760296354,54.71014478614803,60.06957153873272,1,57.07060008855227,57.145845274392414,57.07060008855227,26736.61880143809,NA
People's Map Commission,8,48.288673556642415,44.106062392580306,44.351136919722634,44.51314896108911,45.16858820431345,57.103916246409035,44.3655811740487,45.222443960925965,1,45.54390937734985,45.58399797402342,45.54390937734985,10224.897771186497,NA
People's Map Commission,9,49.693314470014926,46.24947253431223,45.51802901005112,46.83994549708467,47.9074780985278,55.70113644446244,45.88812758529206,48.96340128876923,1,47.83109024785972,47.58221641272986,47.83109024785972,11518.277623587062,NA
People's Map Commission,10,80.66111321188357,77.5571829501846,79.00610183046233,80.23595785255806,78.7980267545977,98.69446858758027,78.20998035365832,85.03414563260431,1,79.2790619184554,79.47626954317442,79.2790619184554,21037.981902833177,NA
People's Map Commission,11,41.12183158143658,38.91949946082172,38.50883335774828,39.05274923325292,39.39000266592922,41.20379065607454,38.2825515049682,41.223208283165185,1,40.01535791905157,39.46178374639673,40.01535791905157,18151.494690732346,NA
People's Map Commission,12,64.53403083482736,61.884431163914975,62.117591918462026,63.49225958228101,62.41265060300394,64.49336227824818,61.58760978236486,67.2297241795199,1,63.07039228804678,63.0066377006193,63.07039228804678,20165.77533547852,NA
People's Map Commission,13,12.960791761633878,9.434405014278118,6.288507603571791,8.343364298661115,9.386456355998767,9.821607689156409,5.978217700271587,7.870008997698621,1,9.766650945809383,9.167207529141336,9.766650945809383,30590.007517672508,NA
People's Map Commission,14,-9.405608885998957,-13.453438531524863,-17.89014387823076,-15.17422100685809,-13.240140403925244,-15.833234162276916,-17.232551300263204,-17.267894525941507,0,-18.65920740782721,-13.763130399261374,-18.65920740782721,33152.41485743228,NA
People's Map Commission,15,-5.166952929459917,-8.719278425286465,-12.78687168405842,-10.048905046468942,-8.694639237940704,-51.622647872946246,-11.225916099413446,-11.69233950714251,0,-12.92802357856399,-8.784103328320752,-12.92802357856399,24872.47453317426,NA
People's Map Commission,16,83.25234298498538,78.7029056584297,81.07508820195221,82.97397221067956,81.14591165053295,98.82174169058445,80.3914737292996,88.01223884879111,1,81.65940892093192,81.94092514387438,81.65940892093192,21200.214123544712,NA
People's Map Commission,17,64.35037526811765,60.879966485306,60.22015567829359,62.82568441419826,62.04615484885869,72.13120742728356,60.240258416507665,66.45524578496233,1,62.342622850114026,62.36561823692056,62.342622850114026,25696.360825128686,NA
People's Map Commission,18,74.41797668827947,69.95108932651361,71.85698840835899,73.48293799348605,71.43727323765975,98.43555342623269,70.48860949054145,77.5943135480996,1,72.15983360917838,72.45669935249168,72.15983360917838,17496.786139650074,NA
People's Map Commission,19,6.337805013085129,4.628971633441559,-1.2923544772302176,1.48573301058737,4.429622514269116,-5.441238097077089,1.5434492483167197,0.6266750101936464,1,4.453110556205545,3.4491524465645833,4.453110556205545,26180.753971972823,NA
People's Map Commission,20,17.726855081296993,16.237483306688095,12.663141121414862,13.435880922285865,16.109050328394925,13.98375476518764,14.042169082277484,13.227539181669716,1,16.183666913521296,15.328488853563815,16.183666913521296,21199.53406420412,NA
People's Map Commission,21,17.236330067263633,15.001202326672342,12.131340749298348,13.570714715242213,15.204453244307398,1.2029513363426614,13.48084136727239,13.697327277045336,1,15.745910017608189,14.873084848521408,15.745910017608189,21345.909038298836,NA
People's Map Commission,22,-21.52692358016757,-24.666963396090345,-88.03398448564589,-25.81577144552347,-24.112176719888424,-25.63283976040609,-27.21536702805935,-27.237918212675087,0,-27.07318440826237,-24.667559693409704,-27.07318440826237,32916.123691023786,NA
People's Map Commission,23,18.79786740574844,14.69818869008575,-20.66155371505891,13.866289411010246,15.128622041763816,15.636651177390636,10.845930386469076,13.622351590177157,1,15.066470510382333,14.659677311247897,15.066470510382333,34474.71275348702,NA
People's Map Commission,24,48.098410802078874,45.68735421821746,37.563724135730595,45.96423336867116,45.96935943463626,64.83269125872248,44.35307385284492,48.45070320418537,1,46.41147411069816,46.096269364557806,46.41147411069816,24632.452449024735,NA
People's Map Commission,25,-11.95029442051303,-12.120618045969312,-94.93740694041291,-17.0348959858048,-11.390446135056836,-72.6402147209948,-16.220305516778165,-17.767353549454707,0,-18.15989667413651,-14.148985514538207,-18.15989667413651,24709.12276506996,NA
People's Map Commission,26,5.580866057080597,3.512349494471012,-90.29469296248386,1.1254709363616775,3.695299482728415,-24.9638066422721,0.8935629003911261,0.5462383946529449,1,3.8957769459135325,2.823799844140454,3.8957769459135325,22272.81524440885,NA
People's Map Commission,27,-28.098639575155104,-28.57657386932992,-85.79424566813445,-32.286106382495575,-27.102322538809936,-92.11847811484564,-32.35687573191227,-32.65301612629329,0,-31.595436430370476,-29.96098605709322,-31.595436430370476,29138.345036327122,NA
People's Map Commission,28,-23.66969322529402,-26.61982802229937,-28.601240981408,-27.968951165902062,-27.179674855626757,-27.223094280597703,-27.38670778525419,-30.574656663453958,0,-30.361283229164428,-26.551256758019257,-30.361283229164428,26782.634624529142,NA
People's Map Commission,29,-23.88535064848642,-26.380679287221664,-29.460725247905135,-29.02724695566579,-26.031137677447298,-74.12686154175319,-27.315105200978717,-31.8003089335093,0,-31.76129677060147,-26.56471012064456,-31.76129677060147,26073.307665774784,NA
People's Map Commission,30,0.1634777756283845,-3.070135055691553,-3.937148329720719,-3.35029469994112,-3.082438349672018,-5.984625365444329,-4.560630026350276,-3.966611264990595,0,-4.924370568294663,-2.707471325083757,-4.924370568294663,27765.003545014668,NA
People's Map Commission,31,-15.716451817206996,-24.045268837702228,-25.455422694735397,-20.56992365192316,-19.44125744332793,-24.945208704970096,-22.442938190359413,-22.443280030916377,0,-23.027253251897424,-19.542642775704376,-23.027253251897424,25081.228219348344,NA
People's Map Commission,32,-28.718206342863844,-31.604396944344497,-37.35927142788661,-32.83212591763614,-30.422859469740693,-50.95069635128715,-33.21317840582284,-34.35436858461194,0,-33.5430462134636,-31.29659253401588,-33.5430462134636,26472.977239714823,NA
People's Map Commission,33,0.02485642721043457,-3.934286897064731,-7.072158614759472,-4.369215857578501,-3.299142169349356,-21.27278672916116,-5.3574465976603705,-5.545000265293353,0,-6.8764516164735365,-3.2502370493444483,-6.8764516164735365,24262.875076227614,NA
People's Map Commission,34,-17.48824566527403,-19.05378451013771,-22.323671015194897,-22.58121532222399,-16.296001279362105,-44.47761532932698,-21.320006155505983,-23.37117711477189,0,-23.336337212171046,-19.421367105591525,-23.336337212171046,29411.21680772129,NA
People's Map Commission,35,-22.58606651228962,-24.20079733630872,-36.7191283878544,-26.9971225017397,-22.359201324312465,-64.44425539034528,-26.36678602368173,-27.87346608994321,0,-27.342716441354,-24.577294090505877,-27.342716441354,26620.77078411823,NA
People's Map Commission,36,-33.26581911426349,-34.503448565363946,-70.12163078651348,-37.55932852958992,-32.468025461312436,-42.86014295875499,-36.55319884680928,-38.62246200374136,0,-37.291538017036686,-34.96159298799378,-37.291538017036686,27678.555616298767,NA
People's Map Commission,37,-37.74743686930911,-38.99108404953843,-43.02178266827543,-41.190931680583965,-39.33287760516459,-57.07994165544348,-41.514769924239985,-42.66773812711287,0,-40.981230412330916,-39.94650401982442,-40.981230412330916,29397.713429912354,NA
People's Map Commission,38,-33.54310013448891,-35.946922171098564,-39.88348615467161,-37.843044199660575,-35.74236655128541,-52.015864717342275,-38.70569058433944,-39.70667646543181,0,-38.73124471960327,-36.458550367443586,-38.73124471960327,31568.74490150581,NA
People's Map Commission,39,-26.16016046879149,-26.55119975548188,-71.36399300244103,-28.466645934106328,-26.50326431110523,-86.39429586751652,-28.89293500913376,-28.328488400150647,0,-26.75013715495673,-27.5057514307842,-26.75013715495673,25415.06010692356,NA
People's Map Commission,40,-28.171256432830972,-30.13631448237689,-76.89069415299969,-32.55890685144055,-28.412108199954993,-46.72996634933958,-32.0274364268265,-33.81449014429937,0,-32.97402056683365,-30.292426977763252,-32.97402056683365,25884.594658551927,NA
People's Map Commission,41,-35.90609464754616,-37.68827097834523,-80.36399851987471,-39.85638956124278,-35.71628666141208,-51.625443753569655,-39.95970525340522,-40.75792126569846,0,-39.19645422821142,-37.85961903090156,-39.19645422821142,28261.898289604476,NA
People's Map Commission,42,-36.96883350651288,-38.460803430116975,-79.41028406038146,-42.21318203107827,-37.602405903067805,-41.094392526691855,-41.4722059917836,-44.47613181190125,0,-43.48527658966825,-39.56415685811064,-43.48527658966825,28732.734128811542,NA
People's Map Commission,43,13.031841820430772,7.254170125485398,6.039985360473149,7.801752218233898,8.438536759433434,4.198190629746568,7.315665387930526,5.912342828079458,1,9.51606361136589,9.146949046507157,9.51606361136589,29898.229835156435,NA
People's Map Commission,44,26.496726386488135,18.39935717272354,16.707344419660096,21.169552181527347,21.392245188692844,24.930075843795834,20.915253690053554,19.40332896335837,1,22.4556219348766,22.49344436169047,22.4556219348766,22291.155478857774,NA
People's Map Commission,45,6.946148844873784,-3.8194579417258954,-0.046758649192713,0.7655357416195552,0.9432932712598818,-1.5625182716251518,0.21214882827541023,-2.4663938497233078,0,-5.30683137516921,2.2167816715071575,-5.30683137516921,19538.405566292582,NA
People's Map Commission,46,38.84372204832853,33.86588425797365,34.5352588505358,34.384539334888906,33.52566780418179,34.00250493990461,31.970843828865657,34.12823767418292,1,34.41594642365148,34.68119325406622,34.41594642365148,29103.327872601483,NA
People's Map Commission,47,67.52521695875004,63.90243696593312,64.64378177411592,64.51362630239207,64.72307362475007,76.05166152925871,63.199130487672974,66.84966223924111,1,64.63910727468561,64.9902618433913,64.63910727468561,31068.597105379,NA
People's Map Commission,48,36.66803284294011,32.690033512380815,33.076041716587696,32.183195898346725,32.033902574185376,25.29440924266379,31.273099657252267,31.653346030475156,1,32.93864296583709,33.03955774318112,32.93864296583709,32333.588908432328,NA
People's Map Commission,49,-7.605443426327968,-11.014604634647856,-13.504767954133234,-14.55049130761421,-13.591779622658889,-27.266620014548405,-14.285642026913315,-18.964069401206032,0,-21.19391401569858,-12.508339095878595,-21.19391401569858,22886.63692452587,NA
People's Map Commission,50,0.13725653273454763,-3.404422496188669,-4.164500710691205,-7.069227371903381,-1.242390774010832,-13.468027681943427,-4.731565140754873,-9.854329928136611,0,-12.12868989982191,-3.2264816884836343,-12.12868989982191,25358.653185567466,NA
People's Map Commission,51,20.678725023289296,16.072871095406967,16.318561730145987,14.599768276072789,14.584474716419573,12.06265687413488,14.084112607181648,11.863827330481797,1,15.833849721046688,15.986770155740825,15.833849721046688,29878.80453888668,NA
People's Map Commission,52,-32.961619290742426,-33.955941238647966,-98.18345492886272,-36.250089859745835,-34.20603350872078,-64.62606766060411,-36.812722271157995,-37.23356316410424,0,-35.74849958430992,-35.057616232591755,-35.74849958430992,25315.68937071084,NA
People's Map Commission,53,-20.612866197363395,-23.412567560823184,-94.65407329619346,-26.104906147591137,-21.299976011658337,-62.09211043186441,-26.16919799685836,-27.651769180108317,0,-27.82286669859185,-23.546736588367807,-27.82286669859185,30462.79744707331,NA
People's Map Commission,54,14.71415918095632,10.513900593769064,-90.08739047990704,9.890329073592042,13.373193946478978,0.949755786036066,9.303058422689093,9.834441018764473,1,12.719839469283212,11.820185155929108,12.719839469283212,20617.98016208833,NA
People's Map Commission,55,6.1391228026232145,2.3642664403774827,-92.38857239720984,1.3753319717608292,4.743740137259151,1.6153059104120904,0.3919814210435413,1.1441709450643593,1,4.259096179304427,3.162544083171684,4.259096179304427,24774.430316137674,NA
People's Map Commission,56,0.22326804842573988,-3.8208647896978754,-68.95425764860046,-4.869659441040436,-1.4660407230850658,-6.664157857259778,-6.2742103428031,-5.479617987079484,0,-6.937743283641873,-3.0966606146257156,-6.937743283641873,26344.072055587993,NA
People's Map Commission,57,18.990536322969636,15.013951891187771,-59.159683826622846,14.420598852718705,17.15717181191076,-14.906345276344934,13.502452627525862,14.52706849913903,1,16.767838463494314,16.01768990378124,16.767838463494314,23927.21384589528,NA
People's Map Commission,58,-38.147992274453024,-39.32320124819256,-43.54092962336157,-41.621400015292664,-39.61215946531169,-50.10716804837949,-41.78906006758054,-43.123010071170796,0,-41.407845523778136,-40.292652955659484,-41.407845523778136,30360.403462646507,NA
People's Map Commission,59,-37.858640318800056,-38.32369449558949,-96.19415884862477,-41.75181827129311,-38.559453225620445,-65.2562321010429,-41.84949454023463,-43.117664986255065,0,-41.51086812274315,-40.004851588987066,-41.51086812274315,30388.698031725067,NA
People's Map Commission,60,-20.41802511531265,-21.142124732845463,-97.0511461596208,-24.33424902492267,-22.894287740657433,-37.73567351934761,-24.19292477672531,-25.993356165194726,0,-25.708543652623593,-22.959871664404513,-25.708543652623593,25110.89404259254,NA
People's Map Commission,61,11.538633261181126,10.112113141660334,4.906245072587495,7.44516191477117,10.169654132465231,7.04217472340789,7.848975705384332,7.295878611532357,1,10.313113524248445,9.250606253450465,10.313113524248445,25172.79369408945,NA
People's Map Commission,62,5.119634504243237,3.021491258354325,-3.6028203935947136,1.770829137678831,3.1423902876965393,3.337194761217593,0.7890198058963072,1.9399284370490832,1,3.9041420185351567,2.7054684338787287,3.9041420185351567,24730.723961449003,NA
People's Map Commission,63,30.53796595113505,28.12391310908126,23.19970808871517,28.291605240950375,28.77484445527919,41.44159855844936,26.669022902701716,30.257911917787844,1,29.338520284856884,28.568359637516583,29.338520284856884,18169.087221944093,NA
People's Map Commission,64,13.95571657361327,11.955891808431408,6.006156163586529,11.035711516941232,12.908359138962329,16.24521077499012,11.045525194280902,11.848987348203877,1,13.434326964558371,12.236328105949433,13.434326964558371,20467.06252098463,NA
People's Map Commission,65,10.134435802567554,8.515620623347687,2.3717627662321936,7.254144049596345,9.141595799727977,11.10816273623953,6.940861881119986,8.082105814200563,1,9.667001378129218,8.367759383252967,9.667001378129218,21262.229701247677,NA
People's Map Commission,66,-20.3328961723551,-22.40729024512656,-28.682087704650733,-24.284001309181313,-22.054036093670693,-46.06426615387378,-24.2921619357437,-25.551364023503243,0,-25.20109294123415,-22.740773877737702,-25.20109294123415,27214.2296236669,NA
People's Map Commission,67,-18.7507138556317,-20.64805538308799,-24.51664914362852,-25.24440733593029,-17.492759501825123,-30.62075807840085,-22.739890024509947,-27.17119284260555,0,-27.63185856655184,-21.056942679474265,-27.63185856655184,25637.213096905485,NA
People's Map Commission,68,15.26410535433372,11.202002490556987,11.565760919342877,9.942233442734832,14.525563175759777,9.184840058183305,10.513792597289273,9.551434446063375,1,13.489830081496223,12.561423642529402,13.489830081496223,25764.064116487476,NA
People's Map Commission,69,12.89258782566775,7.950951412011786,9.20851728463228,6.555190610281459,12.017404837372151,4.902800083754738,7.535557133362652,5.3652779387625635,1,10.59088710906034,9.750185101671004,10.59088710906034,27261.26773715885,NA
People's Map Commission,70,-19.904289644045264,-21.435479786622675,-26.19658870882906,-25.577164539602983,-19.65105994042368,-25.786583814213383,-23.102426109148137,-27.596617954666044,0,-27.75010114790534,-22.058735058305015,-27.75010114790534,26972.080534625544,NA
People's Map Commission,71,14.04621750983397,11.137997772118563,9.09474823726324,8.98611204419842,13.42911881042404,15.032854873740126,9.956742386017488,8.606241793886136,1,12.614454913524444,11.60454768761848,12.614454913524444,27577.38678915688,NA
People's Map Commission,72,-26.07427706640796,-28.602397929747564,-69.40230360370361,-30.83847450489032,-27.87487130814205,-60.42491043873698,-29.890942305698115,-33.0821682749285,0,-32.71181998474826,-28.669641296284613,-32.71181998474826,27645.040497098253,NA
People's Map Commission,73,3.520043086866198,0.938223938223942,-2.0947841795748934,-1.3345605154164777,0.1198901651390305,-0.30526681865605254,0.15467305981980983,-3.480906179481412,0,-5.210125345544559,0.6150114491021402,-5.210125345544559,25836.151867888322,NA
People's Map Commission,74,-22.251284176818764,-24.438545531340058,-28.156048653713015,-27.175517440088186,-22.60118859068087,-28.234723815852007,-26.22782097090719,-28.67635126351842,0,-28.449217630403844,-24.563952794623752,-28.449217630403844,32028.392985811042,NA
People's Map Commission,75,2.1727448850404008,-0.5486444507648403,-2.896617645107563,-2.1548561163718505,-0.6094779278503382,-12.161593069970117,-1.4782765109653262,-3.5212726827682053,0,-4.8778264052408185,-0.5174664175367785,-4.8778264052408185,29329.807206103316,NA
People's Map Commission,76,77.26754824252477,70.90037540971356,73.22930717978848,76.33440958691882,73.53623222066754,98.0417157520283,70.42192714238182,81.17450999501528,1,73.89287676198128,74.39002929812324,73.89287676198128,26591.65247435787,NA
People's Map Commission,77,76.66111990547306,72.5668596144493,73.48368943548124,74.18813796740112,73.83581499394492,82.11571212582449,72.12964710570186,77.36672154755797,1,73.6973086926811,74.20367999313024,73.6973086926811,35019.83107328491,NA
People's Map Commission,78,79.04444375766136,75.08194136579874,76.77713458866768,77.1872683464099,76.9079990683757,91.82621234101624,75.78879317285202,80.86642343709917,1,76.85822784229615,77.23212608632474,76.85822784229615,30906.67093755337,NA
People's Map Commission,79,3.553609568718341,-0.1491325689527534,-94.57010465276969,-2.421347466550877,-1.6001131866523133,-23.155597985983345,-2.5769772090421084,-5.406250739037796,0,-7.839737784574558,-0.7612070733817393,-7.839737784574558,27221.66040047015,NA
People's Map Commission,80,12.083947877567748,8.307998208928202,8.425488714891783,6.127143273781166,8.191618297392312,1.5972750113049716,6.183408886241476,3.9861663547545,1,8.564532840246748,8.146529583745675,8.564532840246748,27061.294314444793,NA
People's Map Commission,81,-7.549141134442422,-11.234321507917212,-11.742310938803277,-13.261749279861924,-12.026474572798753,-21.971848787529563,-12.85035254730904,-16.39031239627337,0,-17.920293845684345,-11.421929383603036,-17.920293845684345,24640.53757430589,NA
People's Map Commission,82,-1.4940414775780952,-3.854183584414817,-12.285255237439353,-6.101316502863485,-3.421467824803892,-7.826353420072064,-7.233186034886302,-6.733052721729981,0,-7.898758881014924,-4.562502960032944,-7.898758881014924,26570.386773316728,NA
People's Map Commission,83,-33.960614064678666,-35.81881121629652,-41.34368989250432,-38.140436637241955,-35.44674289808242,-52.272386547680874,-38.856548973271074,-39.67161048790382,0,-38.53379536779464,-36.60108564331853,-38.53379536779464,32867.98645666982,NA
People's Map Commission,84,-21.76085299216079,-23.922168444055178,-28.88999326635691,-26.54980494191178,-24.199056512346505,-93.66438193214604,-27.805168812081117,-28.211228272688178,0,-28.226500429936237,-25.078720814625047,-28.226500429936237,33727.563040579924,NA
People's Map Commission,85,3.5015724390511425,0.5514052003462777,-3.713111227509208,-1.2547768011165972,2.2474559425799514,-18.358493846201,-1.8393341013774325,-1.6453482124936463,0,-3.1076793943140677,0.6637293697842661,-3.1076793943140677,22764.7528408898,NA
People's Map Commission,86,-22.911416407040768,-25.07170386704666,-29.725345335648573,-28.35453051076164,-22.530748294801995,-57.64866625257166,-27.162724013983624,-29.8779144964166,0,-29.74280418632039,-25.239854806647006,-29.74280418632039,28802.31515182539,NA
People's Map Commission,87,-40.00789354706384,-40.73880866168025,-47.0418342558737,-45.6889939168808,-37.72866778629969,-48.919833664883825,-42.97896883214528,-47.56877635246947,0,-46.20946258709945,-41.6011310205974,-46.20946258709945,21795.227892058672,NA
People's Map Commission,88,39.48734174836833,35.58276579204525,35.18111520916371,34.076626140163114,34.82391773025731,38.29740772559308,32.66004422560309,33.33934159948056,1,34.97592956008521,35.26198246109796,34.97592956008521,33225.04025626245,NA
People's Map Commission,89,59.71369936166984,54.75648925197728,55.482497483975465,55.69789279853865,55.0457236478568,55.42285694512248,54.914126832371416,56.18589176743387,1,55.755927382201094,56.342860660109174,55.755927382201094,29446.743798933607,NA
People's Map Commission,90,59.27765404927583,54.16047223853888,54.39731223333274,55.159136325680024,54.699922376194856,55.14132339959862,52.40876760710439,56.2811067634449,1,54.80236732633728,55.38637008956377,54.80236732633728,33299.66975745948,NA
People's Map Commission,91,-14.570263846450777,-18.008882160826435,-19.313197030513603,-20.356643843713236,-15.72448578184872,-29.455368530932923,-18.40719178299004,-22.726527117136925,0,-23.437363831179482,-17.264646313750696,-23.437363831179482,24751.96895524351,NA
People's Map Commission,92,-13.16141697683344,-16.626357415480154,-17.491288122285553,-20.053985613228775,-13.267984118864469,-23.975141822590174,-16.88185509122632,-22.845057240605442,0,-23.981766333509466,-15.84131045003825,-23.981766333509466,23939.920843992953,NA
People's Map Commission,93,-24.888017214879472,-27.78215279016947,-29.898147436041413,-30.59858449872297,-27.71807694172653,-31.131414702541964,-28.292187915406892,-34.21630978471822,0,-34.42867861780584,-27.87421664268396,-34.42867861780584,26331.087082415692,NA
People's Map Commission,94,11.075025271162165,6.498273758285772,8.966864304302135,3.908909809863398,10.03752691415421,10.438120393537536,4.382909686553122,2.3286881946365066,1,8.105381953854447,7.351092920433224,8.105381953854447,26850.84134381802,NA
People's Map Commission,95,25.463686113594864,20.536752555214942,23.386213475685896,19.85697436086889,24.112312071418017,23.881307257159413,19.058775695127295,19.864562651613337,1,22.674057254866458,22.122937060252266,22.674057254866458,26692.435147788394,NA
People's Map Commission,96,-17.48324110316282,-21.250962453009652,-21.415387385765097,-24.17260348092705,-17.810634834508953,-31.118329047683492,-21.818845206604028,-26.848808847827843,0,-27.65941757365671,-20.32133115630071,-27.65941757365671,21986.949087394532,NA
People's Map Commission,97,-35.18444499445386,-38.28366787432637,-41.58560876439631,-39.682237500673075,-37.98294036849077,-77.38194711984656,-40.46116946299694,-42.01594265054204,0,-41.089166643081,-38.327698081653665,-41.089166643081,33609.06668678855,NA
People's Map Commission,98,-25.753335901670766,-28.925234454368677,-33.09602154053109,-30.781489746176533,-28.73902030311431,-31.580467230544556,-32.55469707346085,-32.79351631722198,0,-32.726909964689206,-29.457135756105615,-32.726909964689206,32898.38840105398,NA
People's Map Commission,99,-28.0457251057642,-31.496457631751824,-35.371317940351645,-32.85583250482087,-31.376167703620805,-53.47139420423803,-34.9505066223801,-34.89650778981363,0,-34.634851960586396,-31.80705798414649,-34.634851960586396,33742.517304849396,NA
